[09:14:15] [main/INFO]: ModLauncher running: args [--username, SethOffiiciel, --version, neoforge-21.1.241, --gameDir, C:\Users\vince\curseforge\minecraft\Instances\NZR Cobblemon, --assetsDir, C:\Users\vince\curseforge\minecraft\Install\assets, --assetIndex, 17, --uuid, 843a135a0aa64889a67384a053cb3433, --accessToken, ❄❄❄❄❄❄❄❄, --clientId, ed4231-c700a3-26608e-22654b-c74597, --xuid, 2535433355416315, --userType, msa, --versionType, release, --width, 1024, --height, 768, --quickPlayPath, C:\Users\vince\curseforge\minecraft\Quickplay\682d5080-a092-4549-880e-eab13d929439.json, , , , --fml.neoForgeVersion, 21.1.241, --fml.fmlVersion, 4.0.43, --fml.mcVersion, 1.21.1, --fml.neoFormVersion, 20240808.144430, --launchTarget, forgeclient]
[09:14:15] [main/INFO]: JVM identified as Eclipse Adoptium OpenJDK 64-Bit Server VM 21.0.11+10-LTS
[09:14:15] [main/INFO]: ModLauncher 11.0.5+main.901c6ea8 starting: java version 21.0.11 by Eclipse Adoptium; OS Windows 11 arch amd64 version 10.0
[09:14:15] [main/INFO]: Searching for graphics cards...
[09:14:15] [main/INFO]: Found graphics adapter: AdapterInfo{vendor=AMD, description='AMD Radeon(TM) Graphics', adapterType=0x00002303, openglIcdFilePath='C:\WINDOWS\System32\DriverStore\FileRepository\u0202642.inf_amd64_870f6b155aa057ce\B026261\atig6pxx.dll', openglIcdVersion=32.0.21045.1000}
[09:14:15] [main/INFO]: Found graphics adapter: AdapterInfo{vendor=AMD, description='AMD Radeon RX 6900 XT', adapterType=0x0000230B, openglIcdFilePath='C:\WINDOWS\System32\DriverStore\FileRepository\u0202642.inf_amd64_870f6b155aa057ce\B026261\atig6pxx.dll', openglIcdVersion=32.0.21045.1000}
[09:14:15] [main/WARN]: Sodium has applied one or more workarounds to prevent crashes or other issues on your system: [AMD_GAME_OPTIMIZATION_BROKEN]
[09:14:15] [main/WARN]: This is not necessarily an issue, but it may result in certain features or optimizations being disabled. You can sometimes fix these issues by upgrading your graphics driver.
[09:14:15] [main/INFO]: Modifying process environment to apply workarounds for the AMD graphics driver...
[09:14:15] [main/INFO]: Loading ImmediateWindowProvider drippy_early_window
[09:14:16] [main/INFO]: SpongePowered MIXIN Subsystem Version=0.8.7 Source=union:/C:/Users/vince/curseforge/minecraft/Install/libraries/net/fabricmc/sponge-mixin/0.15.2+mixin.0.8.7/sponge-mixin-0.15.2+mixin.0.8.7.jar%23121!/ Service=ModLauncher Env=CLIENT
[09:14:16] [Drippy-EarlyWindow/WARN]: [DRIPPY LOADING SCREEN] Unable to locate bundled texture at assets/minecraft/textures/gui/title/mojangstudios.png
[09:14:16] [Drippy-EarlyWindow/WARN]: [DRIPPY LOADING SCREEN] Failed to decode APNG texture C:\Users\vince\curseforge\minecraft\Instances\NZR Cobblemon\config\fancymenu\assets\nzr.png: Corrupted read (Data length -161988357)
[09:14:16] [main/INFO]: Found mod file "client-1.21.1-20240808.144430-srg.jar" [locator: production client provider +net.neoforged:neoforge:21.1.241:client]
[09:14:16] [main/INFO]: Found mod file "neoforge-21.1.241-universal.jar" [locator: PathBasedLocator[name=neoforge, paths=[C:\Users\vince\curseforge\minecraft\Install\libraries\net\neoforged\neoforge\21.1.241\neoforge-21.1.241-universal.jar]], reader: mod manifest]
[09:14:16] [main/INFO]: Found mod file "net.caffeinemc.sodium-neoforge-0.8.12+mc1.21.1-mod.jar" [locator: net.caffeinemc.mods.sodium.service.SodiumServiceModLocator@2f3c6ac4, reader: mod manifest]
[09:14:16] [main/INFO]: Found mod file "fabric-rendering-data-attachment-v1-0.3.48+73761d2e19.jar" [locator: net.caffeinemc.mods.sodium.service.SodiumServiceModLocator@2f3c6ac4, reader: mod manifest]
[09:14:16] [main/INFO]: Found mod file "fabric-renderer-api-v1-3.4.1+9125b6dc19.jar" [locator: net.caffeinemc.mods.sodium.service.SodiumServiceModLocator@2f3c6ac4, reader: mod manifest]
[09:14:16] [main/INFO]: Found mod file "fabric-block-view-api-v2-1.0.10+9afaaf8c19.jar" [locator: net.caffeinemc.mods.sodium.service.SodiumServiceModLocator@2f3c6ac4, reader: mod manifest]
[09:14:16] [main/INFO]: Found mod file "fabric-api-base-0.4.42+d1308ded19.jar" [locator: net.caffeinemc.mods.sodium.service.SodiumServiceModLocator@2f3c6ac4, reader: mod manifest]
[09:14:16] [main/INFO]: Found mod file "accessories-neoforge-1.1.0-beta.53+1.21.1.jar" [locator: {mods folder locator at C:\Users\vince\curseforge\minecraft\Instances\NZR Cobblemon\mods}, reader: mod manifest]
[09:14:16] [main/INFO]: Found mod file "accessories_compat_layer-neoforge-0.1.12+1.21.1.jar" [locator: {mods folder locator at C:\Users\vince\curseforge\minecraft\Instances\NZR Cobblemon\mods}, reader: mod manifest]
[09:14:16] [main/INFO]: Found mod file "accessorify-2.3.6+1.21.1.jar" [locator: {mods folder locator at C:\Users\vince\curseforge\minecraft\Instances\NZR Cobblemon\mods}, reader: mod manifest]
[09:14:16] [main/INFO]: Found mod file "additionalrecipes-0.0.3.jar" [locator: {mods folder locator at C:\Users\vince\curseforge\minecraft\Instances\NZR Cobblemon\mods}, reader: mod manifest]
[09:14:16] [main/INFO]: Found mod file "AdvancedLootInfo-neoforge-1.21.1-1.12.0.jar" [locator: {mods folder locator at C:\Users\vince\curseforge\minecraft\Instances\NZR Cobblemon\mods}, reader: mod manifest]
[09:14:16] [main/INFO]: Found mod file "AdvancementPlaques-1.21.1-neoforge-1.6.8.jar" [locator: {mods folder locator at C:\Users\vince\curseforge\minecraft\Instances\NZR Cobblemon\mods}, reader: mod manifest]
[09:14:16] [main/INFO]: Found mod file "aeronauticscompat-1.1.3.jar" [locator: {mods folder locator at C:\Users\vince\curseforge\minecraft\Instances\NZR Cobblemon\mods}, reader: mod manifest]
[09:14:16] [main/INFO]: Found mod file "aether-1.21.1-1.5.10-neoforge.jar" [locator: {mods folder locator at C:\Users\vince\curseforge\minecraft\Instances\NZR Cobblemon\mods}, reader: mod manifest]
[09:14:16] [main/INFO]: Found mod file "aether_emissivity-1.21.1-1.0.2-neoforge.jar" [locator: {mods folder locator at C:\Users\vince\curseforge\minecraft\Instances\NZR Cobblemon\mods}, reader: mod manifest]
[09:14:16] [main/INFO]: Found mod file "aether_enhanced_extinguishing-1.21.1-1.0.0-neoforge.jar" [locator: {mods folder locator at C:\Users\vince\curseforge\minecraft\Instances\NZR Cobblemon\mods}, reader: mod manifest]
[09:14:16] [main/INFO]: Found mod file "aether_treasure_reforging-1.21.1-1.0.1-neoforge.jar" [locator: {mods folder locator at C:\Users\vince\curseforge\minecraft\Instances\NZR Cobblemon\mods}, reader: mod manifest]
[09:14:16] [main/INFO]: Found mod file "aggroindicator-neoforge-1.21.1-2.0.4.jar" [locator: {mods folder locator at C:\Users\vince\curseforge\minecraft\Instances\NZR Cobblemon\mods}, reader: mod manifest]
[09:14:16] [main/INFO]: Found mod file "AI-Improvements-1.21-0.5.3.jar" [locator: {mods folder locator at C:\Users\vince\curseforge\minecraft\Instances\NZR Cobblemon\mods}, reader: mod manifest]
[09:14:16] [main/INFO]: Found mod file "AkashicTome-1.8-30.jar" [locator: {mods folder locator at C:\Users\vince\curseforge\minecraft\Instances\NZR Cobblemon\mods}, reader: mod manifest]
[09:14:16] [main/INFO]: Found mod file "alltheleaks-1.1.11+1.21.1-neoforge.jar" [locator: {mods folder locator at C:\Users\vince\curseforge\minecraft\Instances\NZR Cobblemon\mods}, reader: mod manifest]
[09:14:16] [main/INFO]: Found mod file "allthemodium-3.0.1_mc_1.21.1.jar" [locator: {mods folder locator at C:\Users\vince\curseforge\minecraft\Instances\NZR Cobblemon\mods}, reader: mod manifest]
[09:14:16] [main/INFO]: Found mod file "alltheores-3.2.0_neoforge_1.21.1.jar" [locator: {mods folder locator at C:\Users\vince\curseforge\minecraft\Instances\NZR Cobblemon\mods}, reader: mod manifest]
[09:14:16] [main/INFO]: Found mod file "almostunified-neoforge-1.21.1-1.4.2.jar" [locator: {mods folder locator at C:\Users\vince\curseforge\minecraft\Instances\NZR Cobblemon\mods}, reader: mod manifest]
[09:14:16] [main/INFO]: Found mod file "Apotheosis-1.21.1-8.7.0.jar" [locator: {mods folder locator at C:\Users\vince\curseforge\minecraft\Instances\NZR Cobblemon\mods}, reader: mod manifest]
[09:14:16] [main/INFO]: Found mod file "ApothicAttributes-1.21.1-2.10.1.jar" [locator: {mods folder locator at C:\Users\vince\curseforge\minecraft\Instances\NZR Cobblemon\mods}, reader: mod manifest]
[09:14:16] [main/INFO]: Found mod file "ApothicEnchanting-1.21.1-1.6.0.jar" [locator: {mods folder locator at C:\Users\vince\curseforge\minecraft\Instances\NZR Cobblemon\mods}, reader: mod manifest]
[09:14:16] [main/INFO]: Found mod file "ApothicSpawners-1.21.1-1.4.0.jar" [locator: {mods folder locator at C:\Users\vince\curseforge\minecraft\Instances\NZR Cobblemon\mods}, reader: mod manifest]
[09:14:16] [main/INFO]: Found mod file "architectury-13.0.11-neoforge.jar" [locator: {mods folder locator at C:\Users\vince\curseforge\minecraft\Instances\NZR Cobblemon\mods}, reader: mod manifest]
[09:14:16] [main/INFO]: Found mod file "armoroftheages-neoforge-1.21.1-1.5.10.jar" [locator: {mods folder locator at C:\Users\vince\curseforge\minecraft\Instances\NZR Cobblemon\mods}, reader: mod manifest]
[09:14:16] [main/INFO]: Found mod file "ars_elemental-1.21.1-0.7.10.1.jar" [locator: {mods folder locator at C:\Users\vince\curseforge\minecraft\Instances\NZR Cobblemon\mods}, reader: mod manifest]
[09:14:16] [main/INFO]: Found mod file "ars_nouveau-1.21.1-5.13.0.jar" [locator: {mods folder locator at C:\Users\vince\curseforge\minecraft\Instances\NZR Cobblemon\mods}, reader: mod manifest]
[09:14:16] [main/INFO]: Found mod file "arsshiny-1.0.5.jar" [locator: {mods folder locator at C:\Users\vince\curseforge\minecraft\Instances\NZR Cobblemon\mods}, reader: mod manifest]
[09:14:16] [main/INFO]: Found mod file "artifacts-neoforge-13.2.1.jar" [locator: {mods folder locator at C:\Users\vince\curseforge\minecraft\Instances\NZR Cobblemon\mods}, reader: mod manifest]
[09:14:16] [main/INFO]: Found mod file "athena-neoforge-1.21.1-4.0.6.jar" [locator: {mods folder locator at C:\Users\vince\curseforge\minecraft\Instances\NZR Cobblemon\mods}, reader: mod manifest]
[09:14:16] [main/INFO]: Found mod file "BadOptimizations-2.4.1-1.21.1.jar" [locator: {mods folder locator at C:\Users\vince\curseforge\minecraft\Instances\NZR Cobblemon\mods}, reader: mod manifest]
[09:14:16] [main/INFO]: Found mod file "baguettelib-1.21.1-NeoForge-2.0.3.jar" [locator: {mods folder locator at C:\Users\vince\curseforge\minecraft\Instances\NZR Cobblemon\mods}, reader: mod manifest]
[09:14:16] [main/INFO]: Found mod file "balm-neoforge-1.21.1-21.0.64.jar" [locator: {mods folder locator at C:\Users\vince\curseforge\minecraft\Instances\NZR Cobblemon\mods}, reader: mod manifest]
[09:14:16] [main/INFO]: Found mod file "bellsandwhistles-0.4.7-1.21.1.jar" [locator: {mods folder locator at C:\Users\vince\curseforge\minecraft\Instances\NZR Cobblemon\mods}, reader: mod manifest]
[09:14:16] [main/INFO]: Found mod file "berrypouch-neoforge-1.21.1-0.5.4-beta.jar" [locator: {mods folder locator at C:\Users\vince\curseforge\minecraft\Instances\NZR Cobblemon\mods}, reader: mod manifest]
[09:14:16] [main/INFO]: Found mod file "better-compatability-checker-neoforge-21.1.8.jar" [locator: {mods folder locator at C:\Users\vince\curseforge\minecraft\Instances\NZR Cobblemon\mods}, reader: mod manifest]
[09:14:16] [main/INFO]: Found mod file "better_create-1.0.0-neoforge-1.21.1.jar" [locator: {mods folder locator at C:\Users\vince\curseforge\minecraft\Instances\NZR Cobblemon\mods}, reader: mod manifest]
[09:14:16] [main/INFO]: Found mod file "better_material-1.0.0-neoforge-1.21.1.jar" [locator: {mods folder locator at C:\Users\vince\curseforge\minecraft\Instances\NZR Cobblemon\mods}, reader: mod manifest]
[09:14:16] [main/INFO]: Found mod file "betterarcheology-neoforge-1.21.1-1.3.8.jar" [locator: {mods folder locator at C:\Users\vince\curseforge\minecraft\Instances\NZR Cobblemon\mods}, reader: mod manifest]
[09:14:16] [main/INFO]: Found mod file "betterbiomeblend-1.5.2.jar" [locator: {mods folder locator at C:\Users\vince\curseforge\minecraft\Instances\NZR Cobblemon\mods}, reader: mod manifest]
[09:14:16] [main/INFO]: Found mod file "betterchunkloading-1.21-5.4.jar" [locator: {mods folder locator at C:\Users\vince\curseforge\minecraft\Instances\NZR Cobblemon\mods}, reader: mod manifest]
[09:14:16] [main/INFO]: Found mod file "BetterThanMending-2.2.0.jar" [locator: {mods folder locator at C:\Users\vince\curseforge\minecraft\Instances\NZR Cobblemon\mods}, reader: mod manifest]
[09:14:16] [main/INFO]: Found mod file "BiomesOPlenty-neoforge-1.21.1-21.1.0.14.jar" [locator: {mods folder locator at C:\Users\vince\curseforge\minecraft\Instances\NZR Cobblemon\mods}, reader: mod manifest]
[09:14:16] [main/INFO]: Found mod file "bobberdetector-neoforge1.21.1-1.0.3.jar" [locator: {mods folder locator at C:\Users\vince\curseforge\minecraft\Instances\NZR Cobblemon\mods}, reader: mod manifest]
[09:14:16] [main/INFO]: Found mod file "bookshelf-neoforge-1.21.1-21.1.81.jar" [locator: {mods folder locator at C:\Users\vince\curseforge\minecraft\Instances\NZR Cobblemon\mods}, reader: mod manifest]
[09:14:16] [main/INFO]: Found mod file "buildinggadgets2-1.3.9.jar" [locator: {mods folder locator at C:\Users\vince\curseforge\minecraft\Instances\NZR Cobblemon\mods}, reader: mod manifest]
[09:14:16] [main/INFO]: Found mod file "BuildingWands-neoforge-MC1.21-2.14.jar" [locator: {mods folder locator at C:\Users\vince\curseforge\minecraft\Instances\NZR Cobblemon\mods}, reader: mod manifest]
[09:14:16] [main/INFO]: Found mod file "capturexp-neoforge-1.7.3-1.3.0.jar" [locator: {mods folder locator at C:\Users\vince\curseforge\minecraft\Instances\NZR Cobblemon\mods}, reader: mod manifest]
[09:14:16] [main/INFO]: Found mod file "carryme-1.0-neoforge.jar" [locator: {mods folder locator at C:\Users\vince\curseforge\minecraft\Instances\NZR Cobblemon\mods}, reader: mod manifest]
[09:14:16] [main/INFO]: Found mod file "carryon-neoforge-1.21.1-2.2.6.13.jar" [locator: {mods folder locator at C:\Users\vince\curseforge\minecraft\Instances\NZR Cobblemon\mods}, reader: mod manifest]
[09:14:16] [main/INFO]: Found mod file "catchindicator-neoforge-2.1.jar" [locator: {mods folder locator at C:\Users\vince\curseforge\minecraft\Instances\NZR Cobblemon\mods}, reader: mod manifest]
[09:14:16] [main/INFO]: Found mod file "chat_heads-0.15.4-neoforge-1.21.jar" [locator: {mods folder locator at C:\Users\vince\curseforge\minecraft\Instances\NZR Cobblemon\mods}, reader: mod manifest]
[09:14:16] [main/INFO]: Found mod file "chatnotify-neoforge-2.6.9+1.21.1.jar" [locator: {mods folder locator at C:\Users\vince\curseforge\minecraft\Instances\NZR Cobblemon\mods}, reader: mod manifest]
[09:14:16] [main/INFO]: Found mod file "cloth-config-15.0.140-neoforge.jar" [locator: {mods folder locator at C:\Users\vince\curseforge\minecraft\Instances\NZR Cobblemon\mods}, reader: mod manifest]
[09:14:16] [main/INFO]: Found mod file "CobbleFurnies-neoforge-1.2.jar" [locator: {mods folder locator at C:\Users\vince\curseforge\minecraft\Instances\NZR Cobblemon\mods}, reader: mod manifest]
[09:14:16] [main/INFO]: Found mod file "cobblemon-cards-neoforge-1.0.4.jar" [locator: {mods folder locator at C:\Users\vince\curseforge\minecraft\Instances\NZR Cobblemon\mods}, reader: mod manifest]
[09:14:16] [main/INFO]: Found mod file "cobblemon-eld-1.1.1-neoforge-mc1.21.1-cob1.7.3.jar" [locator: {mods folder locator at C:\Users\vince\curseforge\minecraft\Instances\NZR Cobblemon\mods}, reader: mod manifest]
[09:14:16] [main/INFO]: Found mod file "Cobblemon-neoforge-1.7.3+1.21.1.jar" [locator: {mods folder locator at C:\Users\vince\curseforge\minecraft\Instances\NZR Cobblemon\mods}, reader: mod manifest]
[09:14:16] [main/INFO]: Found mod file "Cobblemon-Utility+-neoforge-1.7.4.jar" [locator: {mods folder locator at C:\Users\vince\curseforge\minecraft\Instances\NZR Cobblemon\mods}, reader: mod manifest]
[09:14:16] [main/INFO]: Found mod file "cobblemon_incubator-neoforge-1.0.4.jar" [locator: {mods folder locator at C:\Users\vince\curseforge\minecraft\Instances\NZR Cobblemon\mods}, reader: mod manifest]
[09:14:16] [main/INFO]: Found mod file "cobblemon_industries-neoforge-1.5.0.jar" [locator: {mods folder locator at C:\Users\vince\curseforge\minecraft\Instances\NZR Cobblemon\mods}, reader: mod manifest]
[09:14:16] [main/INFO]: Found mod file "cobblemon_legendary_orbs-1.0.0-neoforge L+H-1.21.1.jar" [locator: {mods folder locator at C:\Users\vince\curseforge\minecraft\Instances\NZR Cobblemon\mods}, reader: mod manifest]
[09:14:16] [main/INFO]: Found mod file "cobblemon_quests-[1.21.1]-neoforge-1.2.0.jar" [locator: {mods folder locator at C:\Users\vince\curseforge\minecraft\Instances\NZR Cobblemon\mods}, reader: mod manifest]
[09:14:16] [main/INFO]: Found mod file "cobblemon_trainers_backpack-neoforge-1.0.2.jar" [locator: {mods folder locator at C:\Users\vince\curseforge\minecraft\Instances\NZR Cobblemon\mods}, reader: mod manifest]
[09:14:16] [main/INFO]: Found mod file "cobblemonchallenge-neoforge-2.4.0.jar" [locator: {mods folder locator at C:\Users\vince\curseforge\minecraft\Instances\NZR Cobblemon\mods}, reader: mod manifest]
[09:14:16] [main/INFO]: Found mod file "cobblemonintegrations-neoforge-1.21.1-1.1.6.jar" [locator: {mods folder locator at C:\Users\vince\curseforge\minecraft\Instances\NZR Cobblemon\mods}, reader: mod manifest]
[09:14:16] [main/INFO]: Found mod file "cobblemonpcplus-neoforge-1.2.0+1.21.1.jar" [locator: {mods folder locator at C:\Users\vince\curseforge\minecraft\Instances\NZR Cobblemon\mods}, reader: mod manifest]
[09:14:16] [main/INFO]: Found mod file "cobblemonraiddens-neoforge-0.11.5+1.21.1.jar" [locator: {mods folder locator at C:\Users\vince\curseforge\minecraft\Instances\NZR Cobblemon\mods}, reader: mod manifest]
[09:14:16] [main/INFO]: Found mod file "CobblemonSizeVariationNeoforge-1.4.0+1.7.0.jar" [locator: {mods folder locator at C:\Users\vince\curseforge\minecraft\Instances\NZR Cobblemon\mods}, reader: mod manifest]
[09:14:16] [main/INFO]: Found mod file "cobblemore_lib-neoforge-1.2.10.jar" [locator: {mods folder locator at C:\Users\vince\curseforge\minecraft\Instances\NZR Cobblemon\mods}, reader: mod manifest]
[09:14:16] [main/INFO]: Found mod file "cobblenav-neoforge-2.3.3.jar" [locator: {mods folder locator at C:\Users\vince\curseforge\minecraft\Instances\NZR Cobblemon\mods}, reader: mod manifest]
[09:14:16] [main/INFO]: Found mod file "Cobblepedia-NeoForge-0.7.1.jar" [locator: {mods folder locator at C:\Users\vince\curseforge\minecraft\Instances\NZR Cobblemon\mods}, reader: mod manifest]
[09:14:16] [main/INFO]: Found mod file "Cobbreeding-neoforge-2.2.2.jar" [locator: {mods folder locator at C:\Users\vince\curseforge\minecraft\Instances\NZR Cobblemon\mods}, reader: mod manifest]
[09:14:16] [main/INFO]: Found mod file "collective-1.21.1-8.39.jar" [locator: {mods folder locator at C:\Users\vince\curseforge\minecraft\Instances\NZR Cobblemon\mods}, reader: mod manifest]
[09:14:16] [main/INFO]: Found mod file "configured-neoforge-1.21.1-2.6.3.jar" [locator: {mods folder locator at C:\Users\vince\curseforge\minecraft\Instances\NZR Cobblemon\mods}, reader: mod manifest]
[09:14:16] [main/INFO]: Found mod file "copycats-3.0.4+mc.1.21.1-neoforge.jar" [locator: {mods folder locator at C:\Users\vince\curseforge\minecraft\Instances\NZR Cobblemon\mods}, reader: mod manifest]
[09:14:16] [main/INFO]: Found mod file "Corgilib-NeoForge-1.21.1-5.0.0.9.jar" [locator: {mods folder locator at C:\Users\vince\curseforge\minecraft\Instances\NZR Cobblemon\mods}, reader: mod manifest]
[09:14:16] [main/INFO]: Found mod file "counter-neoforge-1.7.3-1.9.0.jar" [locator: {mods folder locator at C:\Users\vince\curseforge\minecraft\Instances\NZR Cobblemon\mods}, reader: mod manifest]
[09:14:16] [main/INFO]: Found mod file "Create Encased-1.21.1-1.9.0-ht3.jar" [locator: {mods folder locator at C:\Users\vince\curseforge\minecraft\Instances\NZR Cobblemon\mods}, reader: mod manifest]
[09:14:16] [main/INFO]: Found mod file "Create Unbreakable Netherite Tools Series 2 Neoforge-1.21.1.jar" [locator: {mods folder locator at C:\Users\vince\curseforge\minecraft\Instances\NZR Cobblemon\mods}, reader: mod manifest]
[09:14:16] [main/INFO]: Found mod file "create-1.21.1-6.0.10.jar" [locator: {mods folder locator at C:\Users\vince\curseforge\minecraft\Instances\NZR Cobblemon\mods}, reader: mod manifest]
[09:14:16] [main/INFO]: Found mod file "create-aeronautics-bundled-1.21.1-1.3.0.jar" [locator: {mods folder locator at C:\Users\vince\curseforge\minecraft\Instances\NZR Cobblemon\mods}, reader: mod manifest]
[09:14:16] [main/INFO]: Found mod file "create-central-kitchen-2.5.0.jar" [locator: {mods folder locator at C:\Users\vince\curseforge\minecraft\Instances\NZR Cobblemon\mods}, reader: mod manifest]
[09:14:16] [main/INFO]: Found mod file "create-cobblemon-integrations-0.3.9.jar" [locator: {mods folder locator at C:\Users\vince\curseforge\minecraft\Instances\NZR Cobblemon\mods}, reader: mod manifest]
[09:14:16] [main/INFO]: Found mod file "create-enchantment-industry-2.4.2.jar" [locator: {mods folder locator at C:\Users\vince\curseforge\minecraft\Instances\NZR Cobblemon\mods}, reader: mod manifest]
[09:14:16] [main/INFO]: Found mod file "create-gunsmithing-1.21.1-1.4.9.jar" [locator: {mods folder locator at C:\Users\vince\curseforge\minecraft\Instances\NZR Cobblemon\mods}, reader: mod manifest]
[09:14:16] [main/INFO]: Found mod file "create-integrated-farming-1.2.6.jar" [locator: {mods folder locator at C:\Users\vince\curseforge\minecraft\Instances\NZR Cobblemon\mods}, reader: mod manifest]
[09:14:16] [main/INFO]: Found mod file "create-stuff-additions1.21.1_v2.1.4a.jar" [locator: {mods folder locator at C:\Users\vince\curseforge\minecraft\Instances\NZR Cobblemon\mods}, reader: mod manifest]
[09:14:16] [main/INFO]: Found mod file "create_aquatic_ambitions-1.21.1-2.0.4.jar" [locator: {mods folder locator at C:\Users\vince\curseforge\minecraft\Instances\NZR Cobblemon\mods}, reader: mod manifest]
[09:14:16] [main/INFO]: Found mod file "create_connected-1.3.2-mc1.21.1.jar" [locator: {mods folder locator at C:\Users\vince\curseforge\minecraft\Instances\NZR Cobblemon\mods}, reader: mod manifest]
[09:14:16] [main/INFO]: Found mod file "create_copper_and_zinc-2.0.0-neoforge-1.21.1.jar" [locator: {mods folder locator at C:\Users\vince\curseforge\minecraft\Instances\NZR Cobblemon\mods}, reader: mod manifest]
[09:14:16] [main/INFO]: Found mod file "create_creative-1.0.5.3-neoforge-1.21.1.jar" [locator: {mods folder locator at C:\Users\vince\curseforge\minecraft\Instances\NZR Cobblemon\mods}, reader: mod manifest]
[09:14:16] [main/INFO]: Found mod file "create_deep_dark-3.0.2-neoforge-1.21.1.jar" [locator: {mods folder locator at C:\Users\vince\curseforge\minecraft\Instances\NZR Cobblemon\mods}, reader: mod manifest]
[09:14:16] [main/INFO]: Found mod file "create_hypertube-0.6.0-NEOFORGE.jar" [locator: {mods folder locator at C:\Users\vince\curseforge\minecraft\Instances\NZR Cobblemon\mods}, reader: mod manifest]
[09:14:16] [main/INFO]: Found mod file "create_jetpack-forge-5.2.1.jar" [locator: {mods folder locator at C:\Users\vince\curseforge\minecraft\Instances\NZR Cobblemon\mods}, reader: mod manifest]
[09:14:16] [main/INFO]: Found mod file "create_ltab-4.0.3.jar" [locator: {mods folder locator at C:\Users\vince\curseforge\minecraft\Instances\NZR Cobblemon\mods}, reader: mod manifest]
[09:14:16] [main/INFO]: Found mod file "create_mekanism_compat-0.1.21.jar" [locator: {mods folder locator at C:\Users\vince\curseforge\minecraft\Instances\NZR Cobblemon\mods}, reader: mod manifest]
[09:14:16] [main/INFO]: Found mod file "create_pattern_schematics-2.0.10.jar" [locator: {mods folder locator at C:\Users\vince\curseforge\minecraft\Instances\NZR Cobblemon\mods}, reader: mod manifest]
[09:14:16] [main/INFO]: Found mod file "create_sophback_compat-1.0.jar" [locator: {mods folder locator at C:\Users\vince\curseforge\minecraft\Instances\NZR Cobblemon\mods}, reader: mod manifest]
[09:14:16] [main/INFO]: Found mod file "create_things_and_misc-4.1.1-neoforge-1.21.1.jar" [locator: {mods folder locator at C:\Users\vince\curseforge\minecraft\Instances\NZR Cobblemon\mods}, reader: mod manifest]
[09:14:16] [main/INFO]: Found mod file "create_ultimate_factory-2.2.4-neoforge-1.21.1.jar" [locator: {mods folder locator at C:\Users\vince\curseforge\minecraft\Instances\NZR Cobblemon\mods}, reader: mod manifest]
[09:14:16] [main/INFO]: Found mod file "create_winery-2.0.2-neoforge-1.21.1.jar" [locator: {mods folder locator at C:\Users\vince\curseforge\minecraft\Instances\NZR Cobblemon\mods}, reader: mod manifest]
[09:14:16] [main/INFO]: Found mod file "createaddition-1.6.0.jar" [locator: {mods folder locator at C:\Users\vince\curseforge\minecraft\Instances\NZR Cobblemon\mods}, reader: mod manifest]
[09:14:16] [main/INFO]: Found mod file "createbetterfps-1.21.1-1.1.4.jar" [locator: {mods folder locator at C:\Users\vince\curseforge\minecraft\Instances\NZR Cobblemon\mods}, reader: mod manifest]
[09:14:16] [main/INFO]: Found mod file "createcontraptionterminals-1.21-1.3.0.jar" [locator: {mods folder locator at C:\Users\vince\curseforge\minecraft\Instances\NZR Cobblemon\mods}, reader: mod manifest]
[09:14:16] [main/INFO]: Found mod file "CreateDragonsPlus-1.11.4.jar" [locator: {mods folder locator at C:\Users\vince\curseforge\minecraft\Instances\NZR Cobblemon\mods}, reader: mod manifest]
[09:14:16] [main/INFO]: Found mod file "createframed-1.21.1-1.8.2.jar" [locator: {mods folder locator at C:\Users\vince\curseforge\minecraft\Instances\NZR Cobblemon\mods}, reader: mod manifest]
[09:14:16] [main/INFO]: Found mod file "creategoggles-1.21.1-6.1.1-[NEOFORGE].jar" [locator: {mods folder locator at C:\Users\vince\curseforge\minecraft\Instances\NZR Cobblemon\mods}, reader: mod manifest]
[09:14:16] [main/INFO]: Found mod file "createliquidfuel-2.1.1-1.21.1.jar" [locator: {mods folder locator at C:\Users\vince\curseforge\minecraft\Instances\NZR Cobblemon\mods}, reader: mod manifest]
[09:14:16] [main/INFO]: Found mod file "createmechanicalcompanion-1.9-neoforge-1.21.1.jar" [locator: {mods folder locator at C:\Users\vince\curseforge\minecraft\Instances\NZR Cobblemon\mods}, reader: mod manifest]
[09:14:16] [main/INFO]: Found mod file "CreateNumismatics-1.0.19integration+neoforge-mc1.21.1.jar" [locator: {mods folder locator at C:\Users\vince\curseforge\minecraft\Instances\NZR Cobblemon\mods}, reader: mod manifest]
[09:14:16] [main/INFO]: Found mod file "CreateOPlenty-NeoForge-Create+6.0.7-3.0.jar" [locator: {mods folder locator at C:\Users\vince\curseforge\minecraft\Instances\NZR Cobblemon\mods}, reader: mod manifest]
[09:14:16] [main/INFO]: Found mod file "createreautomated-0.3.2-mc1.21.1-neoforge.jar" [locator: {mods folder locator at C:\Users\vince\curseforge\minecraft\Instances\NZR Cobblemon\mods}, reader: mod manifest]
[09:14:16] [main/INFO]: Found mod file "createreautomatedtraces-0.3.0.jar" [locator: {mods folder locator at C:\Users\vince\curseforge\minecraft\Instances\NZR Cobblemon\mods}, reader: mod manifest]
[09:14:16] [main/INFO]: Found mod file "createschematicchecker-1.21.27-6.0-neoforge-1.21.1.jar" [locator: {mods folder locator at C:\Users\vince\curseforge\minecraft\Instances\NZR Cobblemon\mods}, reader: mod manifest]
[09:14:16] [main/INFO]: Found mod file "createthreadedtrains-neoforge-1.21.1-1.0.0.jar" [locator: {mods folder locator at C:\Users\vince\curseforge\minecraft\Instances\NZR Cobblemon\mods}, reader: mod manifest]
[09:14:16] [main/INFO]: Found mod file "creatorsword-0.2.8b.jar" [locator: {mods folder locator at C:\Users\vince\curseforge\minecraft\Instances\NZR Cobblemon\mods}, reader: mod manifest]
[09:14:16] [main/INFO]: Found mod file "cri-neoforge-1.2.2.jar" [locator: {mods folder locator at C:\Users\vince\curseforge\minecraft\Instances\NZR Cobblemon\mods}, reader: mod manifest]
[09:14:16] [main/INFO]: Found mod file "croptopia-neoforge-1.21.1-4.2.4.jar" [locator: {mods folder locator at C:\Users\vince\curseforge\minecraft\Instances\NZR Cobblemon\mods}, reader: mod manifest]
[09:14:16] [main/INFO]: Found mod file "cupboard-1.21.1-3.9.jar" [locator: {mods folder locator at C:\Users\vince\curseforge\minecraft\Instances\NZR Cobblemon\mods}, reader: mod manifest]
[09:14:16] [main/INFO]: Found mod file "curios-neoforge-9.5.1+1.21.1.jar" [locator: {mods folder locator at C:\Users\vince\curseforge\minecraft\Instances\NZR Cobblemon\mods}, reader: mod manifest]
[09:14:16] [main/INFO]: Found mod file "Data_Anchor-neoforge-1.21.1-2.0.0.14.jar" [locator: {mods folder locator at C:\Users\vince\curseforge\minecraft\Instances\NZR Cobblemon\mods}, reader: mod manifest]
[09:14:16] [main/INFO]: Found mod file "deep_aether-1.21.1-1.1.5.1.jar" [locator: {mods folder locator at C:\Users\vince\curseforge\minecraft\Instances\NZR Cobblemon\mods}, reader: mod manifest]
[09:14:16] [main/INFO]: Found mod file "deeperdarker-neoforge-1.21.1-1.4.1.jar" [locator: {mods folder locator at C:\Users\vince\curseforge\minecraft\Instances\NZR Cobblemon\mods}, reader: mod manifest]
[09:14:16] [main/INFO]: Found mod file "dimdungeons-209-neoforge-1.21.1.jar" [locator: {mods folder locator at C:\Users\vince\curseforge\minecraft\Instances\NZR Cobblemon\mods}, reader: mod manifest]
[09:14:16] [main/INFO]: Found mod file "disconnect-packet-fix-neoforge-2.0.1.jar" [locator: {mods folder locator at C:\Users\vince\curseforge\minecraft\Instances\NZR Cobblemon\mods}, reader: mod manifest]
[09:14:16] [main/INFO]: Found mod file "DnDesires-1.21.1-2.3a-BETA.jar" [locator: {mods folder locator at C:\Users\vince\curseforge\minecraft\Instances\NZR Cobblemon\mods}, reader: mod manifest]
[09:14:16] [main/INFO]: Found mod file "drill_drain-1.0.13.jar" [locator: {mods folder locator at C:\Users\vince\curseforge\minecraft\Instances\NZR Cobblemon\mods}, reader: mod manifest]
[09:14:16] [main/INFO]: Found mod file "drippyloadingscreen_neoforge_3.1.5_MC_1.21.1.jar" [locator: {mods folder locator at C:\Users\vince\curseforge\minecraft\Instances\NZR Cobblemon\mods}, reader: mod manifest]
[09:14:16] [main/INFO]: Found mod file "dynamic-fps-3.11.4+minecraft-1.21.0-neoforge.jar" [locator: {mods folder locator at C:\Users\vince\curseforge\minecraft\Instances\NZR Cobblemon\mods}, reader: mod manifest]
[09:14:16] [main/INFO]: Found mod file "dynamicvillage-0.7-1.21.1.jar" [locator: {mods folder locator at C:\Users\vince\curseforge\minecraft\Instances\NZR Cobblemon\mods}, reader: mod manifest]
[09:14:16] [main/INFO]: Found mod file "elevatorid-neoforge-1.21.1-1.11.4.jar" [locator: {mods folder locator at C:\Users\vince\curseforge\minecraft\Instances\NZR Cobblemon\mods}, reader: mod manifest]
[09:14:16] [main/INFO]: Found mod file "enchdesc-neoforge-1.21.1-21.1.10.jar" [locator: {mods folder locator at C:\Users\vince\curseforge\minecraft\Instances\NZR Cobblemon\mods}, reader: mod manifest]
[09:14:16] [main/INFO]: Found mod file "Enhanced-Celestials-2-Core-NeoForge-1.21.1-1.0.0.2.jar" [locator: {mods folder locator at C:\Users\vince\curseforge\minecraft\Instances\NZR Cobblemon\mods}, reader: mod manifest]
[09:14:16] [main/INFO]: Found mod file "Enhanced-Celestials-2-Default-Lunar-Events-NeoForge-1.21.1-1.0.0.0.jar" [locator: {mods folder locator at C:\Users\vince\curseforge\minecraft\Instances\NZR Cobblemon\mods}, reader: mod manifest]
[09:14:16] [main/INFO]: Found mod file "EpheroLib-1.21.1-NEO-FORGE-1.2.0.jar" [locator: {mods folder locator at C:\Users\vince\curseforge\minecraft\Instances\NZR Cobblemon\mods}, reader: mod manifest]
[09:14:16] [main/INFO]: Found mod file "escalated-1.3.1-mc.1.21.1.jar" [locator: {mods folder locator at C:\Users\vince\curseforge\minecraft\Instances\NZR Cobblemon\mods}, reader: mod manifest]
[09:14:16] [main/INFO]: Found mod file "ExplorersCompass-1.21.1-3.4.0-neoforge.jar" [locator: {mods folder locator at C:\Users\vince\curseforge\minecraft\Instances\NZR Cobblemon\mods}, reader: mod manifest]
[09:14:16] [main/INFO]: Found mod file "ExtremeSoundMuffler-3.56_NeoForge-1.21.jar" [locator: {mods folder locator at C:\Users\vince\curseforge\minecraft\Instances\NZR Cobblemon\mods}, reader: mod manifest]
[09:14:16] [main/INFO]: Found mod file "fancymenu_neoforge_3.9.9_MC_1.21.1.jar" [locator: {mods folder locator at C:\Users\vince\curseforge\minecraft\Instances\NZR Cobblemon\mods}, reader: mod manifest]
[09:14:16] [main/INFO]: Found mod file "farmers_croptopia-1.21.1-3.2.2.jar" [locator: {mods folder locator at C:\Users\vince\curseforge\minecraft\Instances\NZR Cobblemon\mods}, reader: mod manifest]
[09:14:16] [main/INFO]: Found mod file "FarmersDelight-1.21.1-1.3.2.jar" [locator: {mods folder locator at C:\Users\vince\curseforge\minecraft\Instances\NZR Cobblemon\mods}, reader: mod manifest]
[09:14:16] [main/INFO]: Found mod file "FarmersStructures-1.0.6-1.21.1_neoforge.jar" [locator: {mods folder locator at C:\Users\vince\curseforge\minecraft\Instances\NZR Cobblemon\mods}, reader: mod manifest]
[09:14:16] [main/INFO]: Found mod file "farmingforblockheads-neoforge-1.21.1-21.1.13.jar" [locator: {mods folder locator at C:\Users\vince\curseforge\minecraft\Instances\NZR Cobblemon\mods}, reader: mod manifest]
[09:14:16] [main/INFO]: Found mod file "fastasyncworldsave-1.21-2.6.jar" [locator: {mods folder locator at C:\Users\vince\curseforge\minecraft\Instances\NZR Cobblemon\mods}, reader: mod manifest]
[09:14:16] [main/INFO]: Found mod file "FastFurnace-1.21.1-9.0.1.jar" [locator: {mods folder locator at C:\Users\vince\curseforge\minecraft\Instances\NZR Cobblemon\mods}, reader: mod manifest]
[09:14:16] [main/INFO]: Found mod file "FastSuite-1.21.1-6.0.7.jar" [locator: {mods folder locator at C:\Users\vince\curseforge\minecraft\Instances\NZR Cobblemon\mods}, reader: mod manifest]
[09:14:16] [main/INFO]: Found mod file "FastWorkbench-1.21.1-9.1.3.jar" [locator: {mods folder locator at C:\Users\vince\curseforge\minecraft\Instances\NZR Cobblemon\mods}, reader: mod manifest]
[09:14:16] [main/INFO]: Found mod file "ferritecore-7.0.3-neoforge.jar" [locator: {mods folder locator at C:\Users\vince\curseforge\minecraft\Instances\NZR Cobblemon\mods}, reader: mod manifest]
[09:14:16] [main/INFO]: Found mod file "fightorflight-neoforge-0.10.9.jar" [locator: {mods folder locator at C:\Users\vince\curseforge\minecraft\Instances\NZR Cobblemon\mods}, reader: mod manifest]
[09:14:16] [main/INFO]: Found mod file "findme-3.3.3-neoforge.jar" [locator: {mods folder locator at C:\Users\vince\curseforge\minecraft\Instances\NZR Cobblemon\mods}, reader: mod manifest]
[09:14:16] [main/INFO]: Found mod file "fireworkcapsules-neoforge-2.1.3+1.21.1.jar" [locator: {mods folder locator at C:\Users\vince\curseforge\minecraft\Instances\NZR Cobblemon\mods}, reader: mod manifest]
[09:14:16] [main/INFO]: Found mod file "fishontheline-1.21.1-3.5.jar" [locator: {mods folder locator at C:\Users\vince\curseforge\minecraft\Instances\NZR Cobblemon\mods}, reader: mod manifest]
[09:14:16] [main/INFO]: Found mod file "framework-neoforge-1.21.1-0.13.11.jar" [locator: {mods folder locator at C:\Users\vince\curseforge\minecraft\Instances\NZR Cobblemon\mods}, reader: mod manifest]
[09:14:16] [main/INFO]: Found mod file "ftb-chunks-neoforge-2101.1.21.jar" [locator: {mods folder locator at C:\Users\vince\curseforge\minecraft\Instances\NZR Cobblemon\mods}, reader: mod manifest]
[09:14:16] [main/INFO]: Found mod file "ftb-essentials-neoforge-2101.1.10.jar" [locator: {mods folder locator at C:\Users\vince\curseforge\minecraft\Instances\NZR Cobblemon\mods}, reader: mod manifest]
[09:14:16] [main/INFO]: Found mod file "ftb-filter-system-neoforge-21.1.4.jar" [locator: {mods folder locator at C:\Users\vince\curseforge\minecraft\Instances\NZR Cobblemon\mods}, reader: mod manifest]
[09:14:16] [main/INFO]: Found mod file "ftb-library-neoforge-2101.1.34.jar" [locator: {mods folder locator at C:\Users\vince\curseforge\minecraft\Instances\NZR Cobblemon\mods}, reader: mod manifest]
[09:14:16] [main/INFO]: Found mod file "ftb-pause-menu-api-21.1.3.jar" [locator: {mods folder locator at C:\Users\vince\curseforge\minecraft\Instances\NZR Cobblemon\mods}, reader: mod manifest]
[09:14:16] [main/INFO]: Found mod file "ftb-quests-neoforge-2101.1.29.jar" [locator: {mods folder locator at C:\Users\vince\curseforge\minecraft\Instances\NZR Cobblemon\mods}, reader: mod manifest]
[09:14:16] [main/INFO]: Found mod file "ftb-ranks-neoforge-2101.1.4.jar" [locator: {mods folder locator at C:\Users\vince\curseforge\minecraft\Instances\NZR Cobblemon\mods}, reader: mod manifest]
[09:14:16] [main/INFO]: Found mod file "ftb-teams-neoforge-2101.1.10.jar" [locator: {mods folder locator at C:\Users\vince\curseforge\minecraft\Instances\NZR Cobblemon\mods}, reader: mod manifest]
[09:14:16] [main/INFO]: Found mod file "ftb-ultimine-neoforge-2101.1.15.jar" [locator: {mods folder locator at C:\Users\vince\curseforge\minecraft\Instances\NZR Cobblemon\mods}, reader: mod manifest]
[09:14:16] [main/INFO]: Found mod file "ftb-xmod-compat-neoforge-21.1.10.jar" [locator: {mods folder locator at C:\Users\vince\curseforge\minecraft\Instances\NZR Cobblemon\mods}, reader: mod manifest]
[09:14:16] [main/INFO]: Found mod file "functionalstorage-1.21.1-1.5.4.jar" [locator: {mods folder locator at C:\Users\vince\curseforge\minecraft\Instances\NZR Cobblemon\mods}, reader: mod manifest]
[09:14:16] [main/INFO]: Found mod file "fusion-1.3.12-neoforge-mc1.21.1.jar" [locator: {mods folder locator at C:\Users\vince\curseforge\minecraft\Instances\NZR Cobblemon\mods}, reader: mod manifest]
[09:14:16] [main/INFO]: Found mod file "fzzy_config-0.7.6+1.21+neoforge.jar" [locator: {mods folder locator at C:\Users\vince\curseforge\minecraft\Instances\NZR Cobblemon\mods}, reader: mod manifest]
[09:14:16] [main/INFO]: Found mod file "geckolib-neoforge-1.21.1-4.9.2.jar" [locator: {mods folder locator at C:\Users\vince\curseforge\minecraft\Instances\NZR Cobblemon\mods}, reader: mod manifest]
[09:14:16] [main/INFO]: Found mod file "GlitchCore-neoforge-1.21.1-2.1.0.2.jar" [locator: {mods folder locator at C:\Users\vince\curseforge\minecraft\Instances\NZR Cobblemon\mods}, reader: mod manifest]
[09:14:16] [main/INFO]: Found mod file "gpumemleakfix-1.21-1.8.jar" [locator: {mods folder locator at C:\Users\vince\curseforge\minecraft\Instances\NZR Cobblemon\mods}, reader: mod manifest]
[09:14:16] [main/INFO]: Found mod file "gravestone-neoforge-1.21.1-1.0.38.jar" [locator: {mods folder locator at C:\Users\vince\curseforge\minecraft\Instances\NZR Cobblemon\mods}, reader: mod manifest]
[09:14:16] [main/INFO]: Found mod file "gravestonecurioscompat-1.21.1-NeoForge-3.0.1.jar" [locator: {mods folder locator at C:\Users\vince\curseforge\minecraft\Instances\NZR Cobblemon\mods}, reader: mod manifest]
[09:14:16] [main/INFO]: Found mod file "guideme-21.1.17.jar" [locator: {mods folder locator at C:\Users\vince\curseforge\minecraft\Instances\NZR Cobblemon\mods}, reader: mod manifest]
[09:14:16] [main/INFO]: Found mod file "Iceberg-1.21.1-neoforge-1.3.2.jar" [locator: {mods folder locator at C:\Users\vince\curseforge\minecraft\Instances\NZR Cobblemon\mods}, reader: mod manifest]
[09:14:16] [main/INFO]: Found mod file "industrialforegoing-1.21-3.6.38.jar" [locator: {mods folder locator at C:\Users\vince\curseforge\minecraft\Instances\NZR Cobblemon\mods}, reader: mod manifest]
[09:14:16] [main/INFO]: Found mod file "interiors-1.21.1-neoforge-0.6.1.jar" [locator: {mods folder locator at C:\Users\vince\curseforge\minecraft\Instances\NZR Cobblemon\mods}, reader: mod manifest]
[09:14:16] [main/INFO]: Found mod file "inventoryessentials-neoforge-1.21.1-21.1.17.jar" [locator: {mods folder locator at C:\Users\vince\curseforge\minecraft\Instances\NZR Cobblemon\mods}, reader: mod manifest]
[09:14:16] [main/INFO]: Found mod file "invtweaks-1.21.1-1.3.2.jar" [locator: {mods folder locator at C:\Users\vince\curseforge\minecraft\Instances\NZR Cobblemon\mods}, reader: mod manifest]
[09:14:16] [main/INFO]: Found mod file "iris-neoforge-1.8.14-beta.1+mc1.21.1.jar" [locator: {mods folder locator at C:\Users\vince\curseforge\minecraft\Instances\NZR Cobblemon\mods}, reader: mod manifest]
[09:14:16] [main/INFO]: Found mod file "Jade-1.21.1-NeoForge-15.10.5.jar" [locator: {mods folder locator at C:\Users\vince\curseforge\minecraft\Instances\NZR Cobblemon\mods}, reader: mod manifest]
[09:14:16] [main/INFO]: Found mod file "jei-1.21.1-neoforge-19.43.0.393.jar" [locator: {mods folder locator at C:\Users\vince\curseforge\minecraft\Instances\NZR Cobblemon\mods}, reader: mod manifest]
[09:14:16] [main/INFO]: Found mod file "journeymap-neoforge-1.21.1-6.0.2.jar" [locator: {mods folder locator at C:\Users\vince\curseforge\minecraft\Instances\NZR Cobblemon\mods}, reader: mod manifest]
[09:14:16] [main/INFO]: Found mod file "JustEnoughProfessions-neoforge-1.21.1-4.0.5.jar" [locator: {mods folder locator at C:\Users\vince\curseforge\minecraft\Instances\NZR Cobblemon\mods}, reader: mod manifest]
[09:14:16] [main/INFO]: Found mod file "JustEnoughResources-NeoForge-1.21.1-1.6.0.17.jar" [locator: {mods folder locator at C:\Users\vince\curseforge\minecraft\Instances\NZR Cobblemon\mods}, reader: mod manifest]
[09:14:16] [main/INFO]: Found mod file "konkrete_neoforge_1.9.9_MC_1.21.jar" [locator: {mods folder locator at C:\Users\vince\curseforge\minecraft\Instances\NZR Cobblemon\mods}, reader: mod manifest]
[09:14:16] [main/INFO]: Found library file "kotlinforforge-5.12.0-all.jar" [locator: {mods folder locator at C:\Users\vince\curseforge\minecraft\Instances\NZR Cobblemon\mods}, reader: mod manifest]
[09:14:16] [main/INFO]: Found mod file "kubejs-create-neoforge-2101.3.1-build.18.jar" [locator: {mods folder locator at C:\Users\vince\curseforge\minecraft\Instances\NZR Cobblemon\mods}, reader: mod manifest]
[09:14:16] [main/INFO]: Found mod file "kubejs-neoforge-2101.7.2-build.368.jar" [locator: {mods folder locator at C:\Users\vince\curseforge\minecraft\Instances\NZR Cobblemon\mods}, reader: mod manifest]
[09:14:16] [main/INFO]: Found mod file "lambdynamiclights-4.8.10+1.21.1.jar" [locator: {mods folder locator at C:\Users\vince\curseforge\minecraft\Instances\NZR Cobblemon\mods}, reader: mod manifest]
[09:14:16] [main/INFO]: Found mod file "leaderboards-1.21.1-NeoForge-2.0.4.jar" [locator: {mods folder locator at C:\Users\vince\curseforge\minecraft\Instances\NZR Cobblemon\mods}, reader: mod manifest]
[09:14:16] [main/INFO]: Found mod file "leaky-1.21-2.4.jar" [locator: {mods folder locator at C:\Users\vince\curseforge\minecraft\Instances\NZR Cobblemon\mods}, reader: mod manifest]
[09:14:16] [main/INFO]: Found mod file "LegendaryTooltips-1.21.1-neoforge-1.5.5.jar" [locator: {mods folder locator at C:\Users\vince\curseforge\minecraft\Instances\NZR Cobblemon\mods}, reader: mod manifest]
[09:14:16] [main/INFO]: Found mod file "leveltools-1.0.0.jar" [locator: {mods folder locator at C:\Users\vince\curseforge\minecraft\Instances\NZR Cobblemon\mods}, reader: mod manifest]
[09:14:16] [main/INFO]: Found mod file "light-overlay-12.0.0-neoforge.jar" [locator: {mods folder locator at C:\Users\vince\curseforge\minecraft\Instances\NZR Cobblemon\mods}, reader: mod manifest]
[09:14:16] [main/INFO]: Found mod file "lightmanscurrency-1.21-2.3.0.5.jar" [locator: {mods folder locator at C:\Users\vince\curseforge\minecraft\Instances\NZR Cobblemon\mods}, reader: mod manifest]
[09:14:16] [main/INFO]: Found mod file "logbegone-neoforge-1.21.1-1.0.3.jar" [locator: {mods folder locator at C:\Users\vince\curseforge\minecraft\Instances\NZR Cobblemon\mods}, reader: mod manifest]
[09:14:16] [main/INFO]: Found mod file "logprot-1.21-3.5.jar" [locator: {mods folder locator at C:\Users\vince\curseforge\minecraft\Instances\NZR Cobblemon\mods}, reader: mod manifest]
[09:14:16] [main/INFO]: Found mod file "LongerChatHistory-neoforge-1.7.jar" [locator: {mods folder locator at C:\Users\vince\curseforge\minecraft\Instances\NZR Cobblemon\mods}, reader: mod manifest]
[09:14:16] [main/INFO]: Found mod file "lootintegrations-1.21.1-4.7.jar" [locator: {mods folder locator at C:\Users\vince\curseforge\minecraft\Instances\NZR Cobblemon\mods}, reader: mod manifest]
[09:14:16] [main/INFO]: Found mod file "lootintegrations_ctov-1.4.jar" [locator: {mods folder locator at C:\Users\vince\curseforge\minecraft\Instances\NZR Cobblemon\mods}, reader: mod manifest]
[09:14:16] [main/INFO]: Found mod file "lootintegrations_structory-1.4.jar" [locator: {mods folder locator at C:\Users\vince\curseforge\minecraft\Instances\NZR Cobblemon\mods}, reader: mod manifest]
[09:14:16] [main/INFO]: Found mod file "lootintegrations_yungs-1.6.jar" [locator: {mods folder locator at C:\Users\vince\curseforge\minecraft\Instances\NZR Cobblemon\mods}, reader: mod manifest]
[09:14:16] [main/INFO]: Found mod file "lootjs-neoforge-1.21.1-3.7.0.jar" [locator: {mods folder locator at C:\Users\vince\curseforge\minecraft\Instances\NZR Cobblemon\mods}, reader: mod manifest]
[09:14:16] [main/INFO]: Found mod file "lootr-neoforge-1.21.1-1.11.38.123.jar" [locator: {mods folder locator at C:\Users\vince\curseforge\minecraft\Instances\NZR Cobblemon\mods}, reader: mod manifest]
[09:14:16] [main/INFO]: Found mod file "mangomultiblock-1.21.1-3.0-release-NeoForge.jar" [locator: {mods folder locator at C:\Users\vince\curseforge\minecraft\Instances\NZR Cobblemon\mods}, reader: mod manifest]
[09:14:16] [main/INFO]: Found mod file "maxhealthfix-neoforge-1.21.1-21.1.4.jar" [locator: {mods folder locator at C:\Users\vince\curseforge\minecraft\Instances\NZR Cobblemon\mods}, reader: mod manifest]
[09:14:16] [main/INFO]: Found mod file "MaxRepel-neoforge-1.3.1.jar" [locator: {mods folder locator at C:\Users\vince\curseforge\minecraft\Instances\NZR Cobblemon\mods}, reader: mod manifest]
[09:14:16] [main/INFO]: Found mod file "mcw-bridges-3.1.2-mc1.21.1neoforge.jar" [locator: {mods folder locator at C:\Users\vince\curseforge\minecraft\Instances\NZR Cobblemon\mods}, reader: mod manifest]
[09:14:16] [main/INFO]: Found mod file "mcw-doors-1.1.5-mc1.21.1neoforge.jar" [locator: {mods folder locator at C:\Users\vince\curseforge\minecraft\Instances\NZR Cobblemon\mods}, reader: mod manifest]
[09:14:16] [main/INFO]: Found mod file "mcw-holidays-1.1.2-mc1.21.1neoforge.jar" [locator: {mods folder locator at C:\Users\vince\curseforge\minecraft\Instances\NZR Cobblemon\mods}, reader: mod manifest]
[09:14:16] [main/INFO]: Found mod file "mcw-lights-1.1.5-mc1.21.1neoforge.jar" [locator: {mods folder locator at C:\Users\vince\curseforge\minecraft\Instances\NZR Cobblemon\mods}, reader: mod manifest]
[09:14:16] [main/INFO]: Found mod file "mcw-mcwfences-1.2.1-mc1.21.1neoforge.jar" [locator: {mods folder locator at C:\Users\vince\curseforge\minecraft\Instances\NZR Cobblemon\mods}, reader: mod manifest]
[09:14:16] [main/INFO]: Found mod file "mcw-mcwpaths-1.1.1-mc1.21.1neoforge.jar" [locator: {mods folder locator at C:\Users\vince\curseforge\minecraft\Instances\NZR Cobblemon\mods}, reader: mod manifest]
[09:14:16] [main/INFO]: Found mod file "mcw-mcwstairs-1.0.2-mc1.21.1neoforge.jar" [locator: {mods folder locator at C:\Users\vince\curseforge\minecraft\Instances\NZR Cobblemon\mods}, reader: mod manifest]
[09:14:16] [main/INFO]: Found mod file "mcw-mcwwindows-2.4.2-mc1.21.1neoforge.jar" [locator: {mods folder locator at C:\Users\vince\curseforge\minecraft\Instances\NZR Cobblemon\mods}, reader: mod manifest]
[09:14:16] [main/INFO]: Found mod file "mcw-roofs-2.3.2-mc1.21.1neoforge.jar" [locator: {mods folder locator at C:\Users\vince\curseforge\minecraft\Instances\NZR Cobblemon\mods}, reader: mod manifest]
[09:14:16] [main/INFO]: Found mod file "mcw-trapdoors-1.1.5-mc1.21.1neoforge.jar" [locator: {mods folder locator at C:\Users\vince\curseforge\minecraft\Instances\NZR Cobblemon\mods}, reader: mod manifest]
[09:14:16] [main/INFO]: Found mod file "mega_showdown-neoforge-1.9.3+1.7.3+1.21.1.jar" [locator: {mods folder locator at C:\Users\vince\curseforge\minecraft\Instances\NZR Cobblemon\mods}, reader: mod manifest]
[09:14:16] [main/INFO]: Found mod file "Mekanism-1.21.1-10.7.19.85.jar" [locator: {mods folder locator at C:\Users\vince\curseforge\minecraft\Instances\NZR Cobblemon\mods}, reader: mod manifest]
[09:14:16] [main/INFO]: Found mod file "melody_neoforge_1.0.10_MC_1.21.jar" [locator: {mods folder locator at C:\Users\vince\curseforge\minecraft\Instances\NZR Cobblemon\mods}, reader: mod manifest]
[09:14:16] [main/INFO]: Found mod file "MergeEnchantments-NEOFORGE-1.21.[1-10]-v4.3.jar" [locator: {mods folder locator at C:\Users\vince\curseforge\minecraft\Instances\NZR Cobblemon\mods}, reader: mod manifest]
[09:14:16] [main/INFO]: Found mod file "metalbarrels-neoforge-1.21.1-7.jar" [locator: {mods folder locator at C:\Users\vince\curseforge\minecraft\Instances\NZR Cobblemon\mods}, reader: mod manifest]
[09:14:16] [main/INFO]: Found mod file "midnightlib-neoforge-1.9.3+1.21.1.jar" [locator: {mods folder locator at C:\Users\vince\curseforge\minecraft\Instances\NZR Cobblemon\mods}, reader: mod manifest]
[09:14:16] [main/INFO]: Found mod file "mob_grinding_utils-1.1.10+mc1.21.1.jar" [locator: {mods folder locator at C:\Users\vince\curseforge\minecraft\Instances\NZR Cobblemon\mods}, reader: mod manifest]
[09:14:16] [main/INFO]: Found mod file "modernfix-neoforge-5.27.20+mc1.21.1.jar" [locator: {mods folder locator at C:\Users\vince\curseforge\minecraft\Instances\NZR Cobblemon\mods}, reader: mod manifest]
[09:14:16] [main/INFO]: Found mod file "modernworldcreation_neoforge_2.0.1_MC_1.21.1.jar" [locator: {mods folder locator at C:\Users\vince\curseforge\minecraft\Instances\NZR Cobblemon\mods}, reader: mod manifest]
[09:14:16] [main/INFO]: Found mod file "modonomicon-1.21.1-neoforge-1.120.4.jar" [locator: {mods folder locator at C:\Users\vince\curseforge\minecraft\Instances\NZR Cobblemon\mods}, reader: mod manifest]
[09:14:16] [main/INFO]: Found mod file "moonlight-1.21.1-3.3.2-neoforge.jar" [locator: {mods folder locator at C:\Users\vince\curseforge\minecraft\Instances\NZR Cobblemon\mods}, reader: mod manifest]
[09:14:16] [main/INFO]: Found mod file "MoreCobblemonTweaks-neoforge-1.3.3.jar" [locator: {mods folder locator at C:\Users\vince\curseforge\minecraft\Instances\NZR Cobblemon\mods}, reader: mod manifest]
[09:14:16] [main/INFO]: Found mod file "moredragoneggs-5.0.jar" [locator: {mods folder locator at C:\Users\vince\curseforge\minecraft\Instances\NZR Cobblemon\mods}, reader: mod manifest]
[09:14:16] [main/INFO]: Found mod file "MyNethersDelight-1.21.1-1.10.4.jar" [locator: {mods folder locator at C:\Users\vince\curseforge\minecraft\Instances\NZR Cobblemon\mods}, reader: mod manifest]
[09:14:16] [main/INFO]: Found mod file "NaturesCompass-1.21.1-3.4.0-neoforge.jar" [locator: {mods folder locator at C:\Users\vince\curseforge\minecraft\Instances\NZR Cobblemon\mods}, reader: mod manifest]
[09:14:16] [main/INFO]: Found mod file "neovitae-1.21.1-1.1.6.jar" [locator: {mods folder locator at C:\Users\vince\curseforge\minecraft\Instances\NZR Cobblemon\mods}, reader: mod manifest]
[09:14:16] [main/INFO]: Found mod file "NeoVitaeKJS-1.21.1-0.0.1-NeoForge.jar" [locator: {mods folder locator at C:\Users\vince\curseforge\minecraft\Instances\NZR Cobblemon\mods}, reader: mod manifest]
[09:14:16] [main/INFO]: Found mod file "netherportalfix-neoforge-1.21.1-21.1.1.jar" [locator: {mods folder locator at C:\Users\vince\curseforge\minecraft\Instances\NZR Cobblemon\mods}, reader: mod manifest]
[09:14:16] [main/INFO]: Found mod file "NoEnchantmentCapLevel-NEOFORGE-1.21.[0-4]-v1.2.jar" [locator: {mods folder locator at C:\Users\vince\curseforge\minecraft\Instances\NZR Cobblemon\mods}, reader: mod manifest]
[09:14:16] [main/INFO]: Found mod file "Northstar-0.6.4+1.21.1.jar" [locator: {mods folder locator at C:\Users\vince\curseforge\minecraft\Instances\NZR Cobblemon\mods}, reader: mod manifest]
[09:14:16] [main/INFO]: Found mod file "Not Enough Recipe Book-NEOFORGE-0.4.3+1.21.jar" [locator: {mods folder locator at C:\Users\vince\curseforge\minecraft\Instances\NZR Cobblemon\mods}, reader: mod manifest]
[09:14:16] [main/INFO]: Found mod file "ntgl-1.21.1-3.1.8.jar" [locator: {mods folder locator at C:\Users\vince\curseforge\minecraft\Instances\NZR Cobblemon\mods}, reader: mod manifest]
[09:14:16] [main/INFO]: Found mod file "OctoLib-NEOFORGE-0.6.2+1.21.jar" [locator: {mods folder locator at C:\Users\vince\curseforge\minecraft\Instances\NZR Cobblemon\mods}, reader: mod manifest]
[09:14:16] [main/INFO]: Found mod file "Oh-The-Biomes-Weve-Gone-NeoForge-2.6.0.jar" [locator: {mods folder locator at C:\Users\vince\curseforge\minecraft\Instances\NZR Cobblemon\mods}, reader: mod manifest]
[09:14:16] [main/INFO]: Found mod file "Oh-The-Trees-Youll-Grow-neoforge-1.21.1-5.3.2.jar" [locator: {mods folder locator at C:\Users\vince\curseforge\minecraft\Instances\NZR Cobblemon\mods}, reader: mod manifest]
[09:14:16] [main/INFO]: Found mod file "ore-vein-miner-1.2.jar" [locator: {mods folder locator at C:\Users\vince\curseforge\minecraft\Instances\NZR Cobblemon\mods}, reader: mod manifest]
[09:14:16] [main/INFO]: Found mod file "Ore_Distribution_Scanner-1.0.0-1.21.1-NEOFORGE.jar" [locator: {mods folder locator at C:\Users\vince\curseforge\minecraft\Instances\NZR Cobblemon\mods}, reader: mod manifest]
[09:14:16] [main/INFO]: Found mod file "owo-lib-neoforge-0.12.15.5-beta.1+1.21.jar" [locator: {mods folder locator at C:\Users\vince\curseforge\minecraft\Instances\NZR Cobblemon\mods}, reader: mod manifest]
[09:14:16] [main/INFO]: Found mod file "packetfixer-3.3.1-1.20.5-1.21.X-merged.jar" [locator: {mods folder locator at C:\Users\vince\curseforge\minecraft\Instances\NZR Cobblemon\mods}, reader: mod manifest]
[09:14:16] [main/INFO]: Found mod file "Patchouli-1.21.1-93-NEOFORGE.jar" [locator: {mods folder locator at C:\Users\vince\curseforge\minecraft\Instances\NZR Cobblemon\mods}, reader: mod manifest]
[09:14:16] [main/INFO]: Found mod file "Paxi-1.21.1-NeoForge-5.1.3.jar" [locator: {mods folder locator at C:\Users\vince\curseforge\minecraft\Instances\NZR Cobblemon\mods}, reader: mod manifest]
[09:14:16] [main/INFO]: Found mod file "PKGBadges-7.0.jar" [locator: {mods folder locator at C:\Users\vince\curseforge\minecraft\Instances\NZR Cobblemon\mods}, reader: mod manifest]
[09:14:16] [main/INFO]: Found mod file "Placebo-1.21.1-9.9.2.jar" [locator: {mods folder locator at C:\Users\vince\curseforge\minecraft\Instances\NZR Cobblemon\mods}, reader: mod manifest]
[09:14:16] [main/INFO]: Found mod file "player-animation-lib-forge-2.0.4+1.21.1.jar" [locator: {mods folder locator at C:\Users\vince\curseforge\minecraft\Instances\NZR Cobblemon\mods}, reader: mod manifest]
[09:14:16] [main/INFO]: Found mod file "playerxp-neoforge-1.0.9+1.21.1.jar" [locator: {mods folder locator at C:\Users\vince\curseforge\minecraft\Instances\NZR Cobblemon\mods}, reader: mod manifest]
[09:14:16] [main/INFO]: Found mod file "polymorph-neoforge-1.1.0+1.21.1.jar" [locator: {mods folder locator at C:\Users\vince\curseforge\minecraft\Instances\NZR Cobblemon\mods}, reader: mod manifest]
[09:14:16] [main/INFO]: Found mod file "portable_engine_liquid_fuel-2.0.0-neoforge-1.21.1.jar" [locator: {mods folder locator at C:\Users\vince\curseforge\minecraft\Instances\NZR Cobblemon\mods}, reader: mod manifest]
[09:14:16] [main/INFO]: Found mod file "Powah-6.2.10.jar" [locator: {mods folder locator at C:\Users\vince\curseforge\minecraft\Instances\NZR Cobblemon\mods}, reader: mod manifest]
[09:14:16] [main/INFO]: Found mod file "prickle-neoforge-1.21.1-21.1.11.jar" [locator: {mods folder locator at C:\Users\vince\curseforge\minecraft\Instances\NZR Cobblemon\mods}, reader: mod manifest]
[09:14:16] [main/INFO]: Found mod file "Prism-1.21.1-neoforge-1.0.11.jar" [locator: {mods folder locator at C:\Users\vince\curseforge\minecraft\Instances\NZR Cobblemon\mods}, reader: mod manifest]
[09:14:16] [main/INFO]: Found mod file "Radical Gyms  Structures - RGS.jar" [locator: {mods folder locator at C:\Users\vince\curseforge\minecraft\Instances\NZR Cobblemon\mods}, reader: mod manifest]
[09:14:16] [main/INFO]: Found mod file "rctapi-neoforge-1.21.1-0.15.2-beta.jar" [locator: {mods folder locator at C:\Users\vince\curseforge\minecraft\Instances\NZR Cobblemon\mods}, reader: mod manifest]
[09:14:16] [main/INFO]: Found mod file "rctmod-neoforge-1.21.1-0.18.1-beta.jar" [locator: {mods folder locator at C:\Users\vince\curseforge\minecraft\Instances\NZR Cobblemon\mods}, reader: mod manifest]
[09:14:17] [main/INFO]: Found mod file "rechiseled-1.2.5-neoforge-mc1.21.jar" [locator: {mods folder locator at C:\Users\vince\curseforge\minecraft\Instances\NZR Cobblemon\mods}, reader: mod manifest]
[09:14:17] [main/INFO]: Found mod file "rechiseledcreate-1.1.1-neoforge-mc1.21.jar" [locator: {mods folder locator at C:\Users\vince\curseforge\minecraft\Instances\NZR Cobblemon\mods}, reader: mod manifest]
[09:14:17] [main/INFO]: Found mod file "refinedstorage-jei-integration-neoforge-1.0.0.jar" [locator: {mods folder locator at C:\Users\vince\curseforge\minecraft\Instances\NZR Cobblemon\mods}, reader: mod manifest]
[09:14:17] [main/INFO]: Found mod file "refinedstorage-neoforge-2.0.9.jar" [locator: {mods folder locator at C:\Users\vince\curseforge\minecraft\Instances\NZR Cobblemon\mods}, reader: mod manifest]
[09:14:17] [main/INFO]: Found mod file "refurbished_furniture-neoforge-1.21.1-1.0.22.jar" [locator: {mods folder locator at C:\Users\vince\curseforge\minecraft\Instances\NZR Cobblemon\mods}, reader: mod manifest]
[09:14:17] [main/INFO]: Found mod file "releaserewards-neoforge-3.0.2.jar" [locator: {mods folder locator at C:\Users\vince\curseforge\minecraft\Instances\NZR Cobblemon\mods}, reader: mod manifest]
[09:14:17] [main/INFO]: Found mod file "relics-1.21.1-0.10.7.8.jar" [locator: {mods folder locator at C:\Users\vince\curseforge\minecraft\Instances\NZR Cobblemon\mods}, reader: mod manifest]
[09:14:17] [main/INFO]: Found mod file "resourcefulconfig-neoforge-1.21-3.0.11.jar" [locator: {mods folder locator at C:\Users\vince\curseforge\minecraft\Instances\NZR Cobblemon\mods}, reader: mod manifest]
[09:14:17] [main/INFO]: Found mod file "rhino-2101.2.7-build.85.jar" [locator: {mods folder locator at C:\Users\vince\curseforge\minecraft\Instances\NZR Cobblemon\mods}, reader: mod manifest]
[09:14:17] [main/INFO]: Found mod file "sable-neoforge-1.21.1-2.0.3.jar" [locator: {mods folder locator at C:\Users\vince\curseforge\minecraft\Instances\NZR Cobblemon\mods}, reader: mod manifest]
[09:14:17] [main/INFO]: Found mod file "Searchables-neoforge-1.21.1-1.0.2.jar" [locator: {mods folder locator at C:\Users\vince\curseforge\minecraft\Instances\NZR Cobblemon\mods}, reader: mod manifest]
[09:14:17] [main/INFO]: Found mod file "silent-gear-1.21.1-neoforge-4.2.1.1.jar" [locator: {mods folder locator at C:\Users\vince\curseforge\minecraft\Instances\NZR Cobblemon\mods}, reader: mod manifest]
[09:14:17] [main/INFO]: Found mod file "silent-lib-1.21.1-neoforge-10.6.0.jar" [locator: {mods folder locator at C:\Users\vince\curseforge\minecraft\Instances\NZR Cobblemon\mods}, reader: mod manifest]
[09:14:17] [main/INFO]: Found mod file "SimpleBackups-1.21-4.0.21.jar" [locator: {mods folder locator at C:\Users\vince\curseforge\minecraft\Instances\NZR Cobblemon\mods}, reader: mod manifest]
[09:14:17] [main/INFO]: Found mod file "SimpleTMs-neoforge-2.3.3.jar" [locator: {mods folder locator at C:\Users\vince\curseforge\minecraft\Instances\NZR Cobblemon\mods}, reader: mod manifest]
[09:14:17] [main/INFO]: Found mod file "skinlayers3d-neoforge-1.11.2-mc1.21.1.jar" [locator: {mods folder locator at C:\Users\vince\curseforge\minecraft\Instances\NZR Cobblemon\mods}, reader: mod manifest]
[09:14:17] [main/INFO]: Found mod file "sliceanddice-4.3.3-neoforge.jar" [locator: {mods folder locator at C:\Users\vince\curseforge\minecraft\Instances\NZR Cobblemon\mods}, reader: mod manifest]
[09:14:17] [main/INFO]: Found mod file "smart_bounds-1.0.0.jar" [locator: {mods folder locator at C:\Users\vince\curseforge\minecraft\Instances\NZR Cobblemon\mods}, reader: mod manifest]
[09:14:17] [main/INFO]: Found mod file "smoothchunk-1.21-4.1.jar" [locator: {mods folder locator at C:\Users\vince\curseforge\minecraft\Instances\NZR Cobblemon\mods}, reader: mod manifest]
[09:14:17] [main/INFO]: Found mod file "someassemblyrequired-5.2.8.jar" [locator: {mods folder locator at C:\Users\vince\curseforge\minecraft\Instances\NZR Cobblemon\mods}, reader: mod manifest]
[09:14:17] [main/INFO]: Found mod file "sophisticatedbackpacks-1.21.1-3.25.73.2027.jar" [locator: {mods folder locator at C:\Users\vince\curseforge\minecraft\Instances\NZR Cobblemon\mods}, reader: mod manifest]
[09:14:17] [main/INFO]: Found mod file "sophisticatedcore-1.21.1-1.4.80.2194.jar" [locator: {mods folder locator at C:\Users\vince\curseforge\minecraft\Instances\NZR Cobblemon\mods}, reader: mod manifest]
[09:14:17] [main/INFO]: Found mod file "sophisticatedstorage-1.21.1-1.5.83.2017.jar" [locator: {mods folder locator at C:\Users\vince\curseforge\minecraft\Instances\NZR Cobblemon\mods}, reader: mod manifest]
[09:14:17] [main/INFO]: Found mod file "sophisticatedstoragecreateintegration-1.21.1-0.1.21.209.jar" [locator: {mods folder locator at C:\Users\vince\curseforge\minecraft\Instances\NZR Cobblemon\mods}, reader: mod manifest]
[09:14:17] [main/INFO]: Found mod file "sophisticatedstorageinmotion-1.21.1-0.10.33.324.jar" [locator: {mods folder locator at C:\Users\vince\curseforge\minecraft\Instances\NZR Cobblemon\mods}, reader: mod manifest]
[09:14:17] [main/INFO]: Found mod file "spawnchaining-neoforge-1.7.3-1.1.1.jar" [locator: {mods folder locator at C:\Users\vince\curseforge\minecraft\Instances\NZR Cobblemon\mods}, reader: mod manifest]
[09:14:17] [main/INFO]: Found mod file "supermartijn642configlib-1.1.8-neoforge-mc1.21.jar" [locator: {mods folder locator at C:\Users\vince\curseforge\minecraft\Instances\NZR Cobblemon\mods}, reader: mod manifest]
[09:14:17] [main/INFO]: Found mod file "supermartijn642corelib-1.1.22-neoforge-mc1.21.jar" [locator: {mods folder locator at C:\Users\vince\curseforge\minecraft\Instances\NZR Cobblemon\mods}, reader: mod manifest]
[09:14:17] [main/INFO]: Found mod file "supplementaries-neoforge-1.21.1-3.8.5.jar" [locator: {mods folder locator at C:\Users\vince\curseforge\minecraft\Instances\NZR Cobblemon\mods}, reader: mod manifest]
[09:14:17] [main/INFO]: Found mod file "TerraBlender-neoforge-1.21.1-4.1.0.8.jar" [locator: {mods folder locator at C:\Users\vince\curseforge\minecraft\Instances\NZR Cobblemon\mods}, reader: mod manifest]
[09:14:17] [main/INFO]: Found mod file "tfmg-1.2.0.jar" [locator: {mods folder locator at C:\Users\vince\curseforge\minecraft\Instances\NZR Cobblemon\mods}, reader: mod manifest]
[09:14:17] [main/INFO]: Found mod file "timcore-neoforge-1.7.3-1.32.0.jar" [locator: {mods folder locator at C:\Users\vince\curseforge\minecraft\Instances\NZR Cobblemon\mods}, reader: mod manifest]
[09:14:17] [main/INFO]: Found mod file "titanium-1.21-4.0.43.jar" [locator: {mods folder locator at C:\Users\vince\curseforge\minecraft\Instances\NZR Cobblemon\mods}, reader: mod manifest]
[09:14:17] [main/INFO]: Found mod file "toggleable_enchantments-neoforge-1.21.1-1.0.5.jar" [locator: {mods folder locator at C:\Users\vince\curseforge\minecraft\Instances\NZR Cobblemon\mods}, reader: mod manifest]
[09:14:17] [main/INFO]: Found mod file "toms_storage-1.21-2.4.1.jar" [locator: {mods folder locator at C:\Users\vince\curseforge\minecraft\Instances\NZR Cobblemon\mods}, reader: mod manifest]
[09:14:17] [main/INFO]: Found mod file "ToolBelt-1.21.1-2.2.10.jar" [locator: {mods folder locator at C:\Users\vince\curseforge\minecraft\Instances\NZR Cobblemon\mods}, reader: mod manifest]
[09:14:17] [main/INFO]: Found mod file "torchmaster-neoforge-1.21.1-21.1.9.jar" [locator: {mods folder locator at C:\Users\vince\curseforge\minecraft\Instances\NZR Cobblemon\mods}, reader: mod manifest]
[09:14:17] [main/INFO]: Found mod file "TotemFactory-1.1.2+mc1.21.1-NeoForge.jar" [locator: {mods folder locator at C:\Users\vince\curseforge\minecraft\Instances\NZR Cobblemon\mods}, reader: mod manifest]
[09:14:17] [main/INFO]: Found mod file "trading_floor-3.0.16.jar" [locator: {mods folder locator at C:\Users\vince\curseforge\minecraft\Instances\NZR Cobblemon\mods}, reader: mod manifest]
[09:14:17] [main/INFO]: Found mod file "treeharvester-1.21.1-9.1.jar" [locator: {mods folder locator at C:\Users\vince\curseforge\minecraft\Instances\NZR Cobblemon\mods}, reader: mod manifest]
[09:14:17] [main/INFO]: Found mod file "unbreakable_netherite_pickaxe-1.0.0-neoforge-1.21.1.jar" [locator: {mods folder locator at C:\Users\vince\curseforge\minecraft\Instances\NZR Cobblemon\mods}, reader: mod manifest]
[09:14:17] [main/INFO]: Found mod file "unchained-neoforge-1.7.3-1.7.1.jar" [locator: {mods folder locator at C:\Users\vince\curseforge\minecraft\Instances\NZR Cobblemon\mods}, reader: mod manifest]
[09:14:17] [main/INFO]: Found mod file "voicechat-neoforge-1.21.1-2.6.21.jar" [locator: {mods folder locator at C:\Users\vince\curseforge\minecraft\Instances\NZR Cobblemon\mods}, reader: mod manifest]
[09:14:17] [main/INFO]: Found mod file "VoidMinersRemastered-1.21.1-2.0.0-NeoForge.jar" [locator: {mods folder locator at C:\Users\vince\curseforge\minecraft\Instances\NZR Cobblemon\mods}, reader: mod manifest]
[09:14:17] [main/INFO]: Found mod file "waystones-neoforge-1.21.1-21.1.40.jar" [locator: {mods folder locator at C:\Users\vince\curseforge\minecraft\Instances\NZR Cobblemon\mods}, reader: mod manifest]
[09:14:17] [main/INFO]: Found mod file "xaerominimap-neoforge-1.21.1-26.4.2.jar" [locator: {mods folder locator at C:\Users\vince\curseforge\minecraft\Instances\NZR Cobblemon\mods}, reader: mod manifest]
[09:14:17] [main/INFO]: Found mod file "XaeroPlus-2.35.1+neoforge-1.21.1-WM1.44.2-MM26.4.2.jar" [locator: {mods folder locator at C:\Users\vince\curseforge\minecraft\Instances\NZR Cobblemon\mods}, reader: mod manifest]
[09:14:17] [main/INFO]: Found mod file "xaeroworldmap-neoforge-1.21.1-1.44.2.jar" [locator: {mods folder locator at C:\Users\vince\curseforge\minecraft\Instances\NZR Cobblemon\mods}, reader: mod manifest]
[09:14:17] [main/INFO]: Found mod file "ycurrenci-2.1.0-neoforge-1.21.1.jar" [locator: {mods folder locator at C:\Users\vince\curseforge\minecraft\Instances\NZR Cobblemon\mods}, reader: mod manifest]
[09:14:17] [main/INFO]: Found mod file "yet_another_config_lib_v3-3.8.2+1.21.1-neoforge.jar" [locator: {mods folder locator at C:\Users\vince\curseforge\minecraft\Instances\NZR Cobblemon\mods}, reader: mod manifest]
[09:14:17] [main/INFO]: Found mod file "YungsApi-1.21.1-NeoForge-5.1.6.jar" [locator: {mods folder locator at C:\Users\vince\curseforge\minecraft\Instances\NZR Cobblemon\mods}, reader: mod manifest]
[09:14:17] [main/INFO]: Found mod file "YungsBetterDungeons-1.21.1-NeoForge-5.1.4.jar" [locator: {mods folder locator at C:\Users\vince\curseforge\minecraft\Instances\NZR Cobblemon\mods}, reader: mod manifest]
[09:14:17] [main/INFO]: Found mod file "YungsBetterEndIsland-1.21.1-NeoForge-3.1.2.jar" [locator: {mods folder locator at C:\Users\vince\curseforge\minecraft\Instances\NZR Cobblemon\mods}, reader: mod manifest]
[09:14:17] [main/INFO]: Found mod file "YungsBetterMineshafts-1.21.1-NeoForge-5.1.1.jar" [locator: {mods folder locator at C:\Users\vince\curseforge\minecraft\Instances\NZR Cobblemon\mods}, reader: mod manifest]
[09:14:17] [main/INFO]: Found mod file "YungsBetterOceanMonuments-1.21.1-NeoForge-4.1.2.jar" [locator: {mods folder locator at C:\Users\vince\curseforge\minecraft\Instances\NZR Cobblemon\mods}, reader: mod manifest]
[09:14:17] [main/INFO]: Found mod file "YungsBridges-1.21.1-NeoForge-5.1.1.jar" [locator: {mods folder locator at C:\Users\vince\curseforge\minecraft\Instances\NZR Cobblemon\mods}, reader: mod manifest]
[09:14:17] [main/WARN]: Attempted to select a dependency jar for JarJar which was passed in as source: fabric_renderer_api_v1. Using Mod File: 
[09:14:17] [main/WARN]: Attempted to select a dependency jar for JarJar which was passed in as source: fabric_block_view_api_v2. Using Mod File: 
[09:14:17] [main/WARN]: Attempted to select a dependency jar for JarJar which was passed in as source: cloth_config. Using Mod File: C:\Users\vince\curseforge\minecraft\Instances\NZR Cobblemon\mods\cloth-config-15.0.140-neoforge.jar
[09:14:17] [main/WARN]: Attempted to select a dependency jar for JarJar which was passed in as source: fabric_api_base. Using Mod File: 
[09:14:17] [main/WARN]: Attempted to select a dependency jar for JarJar which was passed in as source: terrablender. Using Mod File: C:\Users\vince\curseforge\minecraft\Instances\NZR Cobblemon\mods\TerraBlender-neoforge-1.21.1-4.1.0.8.jar
[09:14:17] [main/WARN]: Attempted to select a dependency jar for JarJar which was passed in as source: accessories. Using Mod File: C:\Users\vince\curseforge\minecraft\Instances\NZR Cobblemon\mods\accessories-neoforge-1.1.0-beta.53+1.21.1.jar
[09:14:17] [main/WARN]: Attempted to select a dependency jar for JarJar which was passed in as source: fabric_rendering_data_attachment_v1. Using Mod File: 
[09:14:17] [main/INFO]: Found 85 dependencies adding them to mods collection
[09:14:17] [main/INFO]: Found mod file "atmosphere-1.21.1-neoforge-1.0.17.jar" [parent: sliceanddice-4.3.3-neoforge.jar, locator: jarinjar, reader: mod manifest]
[09:14:17] [main/INFO]: Found mod file "kuma-api-neoforge-21.0.8+1.21.jar" [parent: balm-neoforge-1.21.1-21.0.64.jar, locator: jarinjar, reader: mod manifest]
[09:14:17] [main/INFO]: Found library file "commonmark-ext-gfm-strikethrough-0.29.0.jar" [parent: modonomicon-1.21.1-neoforge-1.120.4.jar, locator: jarinjar]
[09:14:17] [main/INFO]: Found mod file "codecui-neoforge-1.21.1-1.3.6.jar" [parent: moonlight-1.21.1-3.3.2-neoforge.jar, locator: jarinjar, reader: mod manifest]
[09:14:17] [main/INFO]: Found gamelibrary file "mixinconstraints-1.1.0.jar" [parent: accessorify-2.3.6+1.21.1.jar, locator: jarinjar, reader: mod manifest]
[09:14:17] [main/INFO]: Found library file "glsl-processor-0.2.3.jar" [parent: veil-neoforge-1.21.1-4.1.4.jar, locator: jarinjar]
[09:14:17] [main/INFO]: Found library file "jankson-0.1.5.1.jar" [parent: owo-lib-neoforge-0.12.15.5-beta.1+1.21.jar, locator: jarinjar]
[09:14:17] [main/INFO]: Found library file "apfloat-1.15.0.jar" [parent: rctmod-neoforge-1.21.1-0.18.1-beta.jar, locator: jarinjar]
[09:14:17] [main/INFO]: Found mod file "sauce-1.21.1-0.0.47.92.jar" [parent: ars_elemental-1.21.1-0.7.10.1.jar, locator: jarinjar, reader: mod manifest]
[09:14:17] [main/INFO]: Found mod file "ponder-neoforge-1.0.82+mc1.21.1.jar" [parent: create-1.21.1-6.0.10.jar, locator: jarinjar, reader: mod manifest]
[09:14:17] [main/INFO]: Found library file "net.neoforged.neoforge-coremods-21.1.241.jar" [parent: neoforge-21.1.241-universal.jar, locator: jarinjar, reader: mod manifest]
[09:14:17] [main/INFO]: Found mod file "dev.eriksonn.aeronautics.aeronautics-neoforge-1.21.1-1.3.0.jar" [parent: create-aeronautics-bundled-1.21.1-1.3.0.jar, locator: jarinjar, reader: mod manifest]
[09:14:17] [main/INFO]: Found mod file "xaerolib-neoforge-1.21.1-1.7.1.jar" [parent: xaerominimap-neoforge-1.21.1-26.4.2.jar, locator: jarinjar, reader: mod manifest]
[09:14:17] [main/INFO]: Found mod file "common-networking-neoforge-1.0.21-1.21.1.jar" [parent: journeymap-neoforge-1.21.1-6.0.2.jar, locator: jarinjar, reader: mod manifest]
[09:14:17] [main/INFO]: Found library file "MixinSquared-0.3.4.jar" [parent: mixinsquared-neoforge-0.3.4.jar, locator: jarinjar]
[09:14:17] [main/INFO]: Found mod file "TRender-1.0.15-1.21.1-neoforge-SNAPSHOT.jar" [parent: skinlayers3d-neoforge-1.11.2-mc1.21.1.jar, locator: jarinjar, reader: mod manifest]
[09:14:17] [main/INFO]: Found gamelibrary file "yumi-commons-collections-1.0.0.jar" [parent: lambdynamiclights-api-4.8.10+1.21.1-mojmap.jar, locator: jarinjar, reader: mod manifest]
[09:14:17] [main/INFO]: Found library file "netty-0.1.4.1.jar" [parent: owo-lib-neoforge-0.12.15.5-beta.1+1.21.jar, locator: jarinjar]
[09:14:17] [main/INFO]: Found library file "kotlinx-coroutines-core-jvm-1.11.0.jar" [parent: kotlinforforge-5.12.0-all.jar, locator: jarinjar]
[09:14:17] [main/INFO]: Found library file "endec-0.1.8.1.jar" [parent: owo-lib-neoforge-0.12.15.5-beta.1+1.21.jar, locator: jarinjar]
[09:14:17] [main/INFO]: Found library file "jgraphx-4.2.2.jar" [parent: rctmod-neoforge-1.21.1-0.18.1-beta.jar, locator: jarinjar]
[09:14:17] [main/INFO]: Found mod file "veil-neoforge-1.21.1-4.1.4.jar" [parent: sable-neoforge-1.21.1-2.0.3.jar, locator: jarinjar, reader: mod manifest]
[09:14:17] [main/INFO]: Found mod file "dev.simulated_team.simulated.simulated-neoforge-1.21.1-1.3.0.jar" [parent: create-aeronautics-bundled-1.21.1-1.3.0.jar, locator: jarinjar, reader: mod manifest]
[09:14:17] [main/INFO]: Found library file "kotlinx-coroutines-jdk8-1.11.0.jar" [parent: kotlinforforge-5.12.0-all.jar, locator: jarinjar]
[09:14:17] [main/INFO]: Found gamelibrary file "yumi-commons-event-1.0.0.jar" [parent: lambdynamiclights-api-4.8.10+1.21.1-mojmap.jar, locator: jarinjar, reader: mod manifest]
[09:14:17] [main/INFO]: Found mod file "nuggets-neoforge-1.21.1-1.1.0.48.jar" [parent: ars_nouveau-1.21.1-5.13.0.jar, locator: jarinjar, reader: mod manifest]
[09:14:17] [main/INFO]: Found library file "kotlin-stdlib-jdk7-2.4.0.jar" [parent: kotlinforforge-5.12.0-all.jar, locator: jarinjar]
[09:14:17] [main/INFO]: Found library file "battery-2.0.0.jar" [parent: dynamic-fps-3.11.4+minecraft-1.21.0-neoforge.jar, locator: jarinjar]
[09:14:17] [main/INFO]: Found library file "kotlin-stdlib-jdk8-2.4.0.jar" [parent: kotlinforforge-5.12.0-all.jar, locator: jarinjar]
[09:14:17] [main/INFO]: Found library file "jgrapht-core-1.5.2.jar" [parent: rctmod-neoforge-1.21.1-0.18.1-beta.jar, locator: jarinjar]
[09:14:17] [main/INFO]: Found library file "molang-compiler-3.1.1.19.jar" [parent: veil-neoforge-1.21.1-4.1.4.jar, locator: jarinjar]
[09:14:17] [main/INFO]: Found library file "animated-gif-lib-for-java-animated-gif-lib-1.7.jar" [parent: fancymenu_neoforge_3.9.9_MC_1.21.1.jar, locator: jarinjar]
[09:14:17] [main/INFO]: Found mod file "pridelib-1.2.4+1.21.1-mojmap.jar" [parent: lambdynamiclights-4.8.10+1.21.1-neoforge.jar, locator: jarinjar, reader: mod manifest]
[09:14:17] [main/INFO]: Found library file "common-image-3.12.0.jar" [parent: yet_another_config_lib_v3-3.8.2+1.21.1-neoforge.jar, locator: jarinjar]
[09:14:17] [main/INFO]: Found library file "kotlinx-serialization-json-jvm-1.11.0.jar" [parent: kotlinforforge-5.12.0-all.jar, locator: jarinjar]
[09:14:17] [main/INFO]: Found library file "jgrapht-ext-1.5.2.jar" [parent: rctmod-neoforge-1.21.1-0.18.1-beta.jar, locator: jarinjar]
[09:14:17] [main/INFO]: Found mod file "dev.ryanhcode.offroad.offroad-neoforge-1.21.1-1.3.0.jar" [parent: create-aeronautics-bundled-1.21.1-1.3.0.jar, locator: jarinjar, reader: mod manifest]
[09:14:17] [main/INFO]: Found library file "snakeyaml-2.2.jar" [parent: OctoLib-NEOFORGE-0.6.2+1.21.jar, locator: jarinjar]
[09:14:17] [main/INFO]: Found library file "jankson-1.2.3.jar" [parent: fzzy_config-0.7.6+1.21+neoforge.jar, locator: jarinjar]
[09:14:17] [main/INFO]: Found gamelibrary file "mixinextras-neoforge-0.5.3.jar" [parent: neoforge-21.1.241-universal.jar, locator: jarinjar, reader: mod manifest]
[09:14:17] [main/INFO]: Found gamelibrary file "yumi-commons-core-1.0.0.jar" [parent: lambdynamiclights-api-4.8.10+1.21.1-mojmap.jar, locator: jarinjar, reader: mod manifest]
[09:14:17] [main/INFO]: Found library file "gson-0.1.5.1.jar" [parent: owo-lib-neoforge-0.12.15.5-beta.1+1.21.jar, locator: jarinjar]
[09:14:17] [main/INFO]: Found library file "jheaps-0.14.jar" [parent: rctmod-neoforge-1.21.1-0.18.1-beta.jar, locator: jarinjar]
[09:14:17] [main/INFO]: Found gamelibrary file "dev.ryanhcode.sable.sable-sable_rapier-1.21.1-2.0.3.jar" [parent: sable-neoforge-1.21.1-2.0.3.jar, locator: jarinjar, reader: mod manifest]
[09:14:17] [main/INFO]: Found library file "commonmark-ext-ins-0.29.0.jar" [parent: modonomicon-1.21.1-neoforge-1.120.4.jar, locator: jarinjar]
[09:14:17] [main/INFO]: Found mod file "TorqueAPI-1.21.1-neoforge-1.2.2.jar" [parent: createschematicchecker-1.21.27-6.0-neoforge-1.21.1.jar, locator: jarinjar, reader: mod manifest]
[09:14:17] [main/INFO]: Found gamelibrary file "mixinsquared-neoforge-0.3.4.jar" [parent: accessories_compat_layer-neoforge-0.1.12+1.21.1.jar, locator: jarinjar, reader: mod manifest]
[09:14:17] [main/INFO]: Found library file "pngj-2.1.0.jar" [parent: journeymap-neoforge-1.21.1-6.0.2.jar, locator: jarinjar]
[09:14:17] [main/INFO]: Found library file "thedarkcolour.kfflang-5.12.0.jar" [parent: kotlinforforge-5.12.0-all.jar, locator: jarinjar, reader: mod manifest]
[09:14:17] [main/INFO]: Found library file "imageio-metadata-3.12.0.jar" [parent: yet_another_config_lib_v3-3.8.2+1.21.1-neoforge.jar, locator: jarinjar]
[09:14:17] [main/INFO]: Found gamelibrary file "thedarkcolour.kfflib-5.12.0.jar" [parent: kotlinforforge-5.12.0-all.jar, locator: jarinjar, reader: mod manifest]
[09:14:17] [main/INFO]: Found library file "jcpp-1.4.14.jar" [parent: iris-neoforge-1.8.14-beta.1+mc1.21.1.jar, locator: jarinjar]
[09:14:17] [main/INFO]: Found mod file "aeroblender-1.21.1-1.0.0-neoforge.jar" [parent: deep_aether-1.21.1-1.1.5.1.jar, locator: jarinjar, reader: mod manifest]
[09:14:17] [main/INFO]: Found library file "glsl-transformer-3.0.0-pre3.jar" [parent: iris-neoforge-1.8.14-beta.1+mc1.21.1.jar, locator: jarinjar]
[09:14:17] [main/INFO]: Found mod file "thedarkcolour.kffmod-5.12.0.jar" [parent: kotlinforforge-5.12.0-all.jar, locator: jarinjar, reader: mod manifest]
[09:14:17] [main/INFO]: Found library file "gson-0.2.1.jar" [parent: yet_another_config_lib_v3-3.8.2+1.21.1-neoforge.jar, locator: jarinjar]
[09:14:17] [main/INFO]: Found library file "kotlin-stdlib-2.4.0.jar" [parent: kotlinforforge-5.12.0-all.jar, locator: jarinjar]
[09:14:17] [main/INFO]: Found library file "kotlin-reflect-2.4.0.jar" [parent: kotlinforforge-5.12.0-all.jar, locator: jarinjar]
[09:14:17] [main/INFO]: Found mod file "sable-companion-common-1.21.1-1.6.0.jar" [parent: supplementaries-neoforge-1.21.1-3.8.5.jar, locator: jarinjar, reader: mod manifest]
[09:14:17] [main/INFO]: Found mod file "flywheel-neoforge-1.21.1-1.0.6.jar" [parent: create-1.21.1-6.0.10.jar, locator: jarinjar, reader: mod manifest]
[09:14:17] [main/INFO]: Found mod file "spruceui-6.2.5+1.21.1-mojmap.jar" [parent: lambdynamiclights-4.8.10+1.21.1-neoforge.jar, locator: jarinjar, reader: mod manifest]
[09:14:17] [main/INFO]: Found mod file "yumi-mc-foundation-1.0.0-beta.1+1.21.1-mojmap.jar" [parent: lambdynamiclights-4.8.10+1.21.1-neoforge.jar, locator: jarinjar, reader: mod manifest]
[09:14:17] [main/INFO]: Found library file "tomlkt-jvm-0.3.7.jar" [parent: fzzy_config-0.7.6+1.21+neoforge.jar, locator: jarinjar]
[09:14:17] [main/INFO]: Found library file "json-0.2.1.jar" [parent: yet_another_config_lib_v3-3.8.2+1.21.1-neoforge.jar, locator: jarinjar]
[09:14:17] [main/INFO]: Found mod file "cumulus_menus-1.21.1-2.0.7-neoforge.jar" [parent: aether-1.21.1-1.5.10-neoforge.jar, locator: jarinjar, reader: mod manifest]
[09:14:17] [main/INFO]: Found mod file "lambdynamiclights-api-4.8.10+1.21.1-mojmap.jar" [parent: lambdynamiclights-4.8.10+1.21.1-neoforge.jar, locator: jarinjar, reader: mod manifest]
[09:14:17] [main/INFO]: Found mod file "better-advanced-tooltips-2101.1.0-build.1.jar" [parent: kubejs-neoforge-2101.7.2-build.368.jar, locator: jarinjar, reader: mod manifest]
[09:14:17] [main/INFO]: Found library file "commonmark-0.29.0.jar" [parent: modonomicon-1.21.1-neoforge-1.120.4.jar, locator: jarinjar]
[09:14:17] [main/INFO]: Found library file "common-io-3.12.0.jar" [parent: yet_another_config_lib_v3-3.8.2+1.21.1-neoforge.jar, locator: jarinjar]
[09:14:17] [main/INFO]: Found gamelibrary file "mixinsquared-forge-0.3.3.jar" [parent: supplementaries-neoforge-1.21.1-3.8.5.jar, locator: jarinjar, reader: mod manifest]
[09:14:17] [main/INFO]: Found mod file "lambdynamiclights-4.8.10+1.21.1-neoforge.jar" [parent: lambdynamiclights-4.8.10+1.21.1.jar, locator: jarinjar, reader: mod manifest]
[09:14:17] [main/INFO]: Found mod file "conditional-mixin-neoforge-0.6.4.jar" [parent: CreateDragonsPlus-1.11.4.jar, locator: jarinjar, reader: mod manifest]
[09:14:17] [main/INFO]: Found mod file "TRansition-1.0.21-1.21.1-neoforge-SNAPSHOT.jar" [parent: skinlayers3d-neoforge-1.11.2-mc1.21.1.jar, locator: jarinjar, reader: mod manifest]
[09:14:17] [main/INFO]: Found mod file "flightlib-1.21.1-neoforge-4.0.36.jar" [parent: create_jetpack-forge-5.2.1.jar, locator: jarinjar, reader: mod manifest]
[09:14:17] [main/INFO]: Found mod file "nitrogen_internals-1.21.1-1.1.25-neoforge.jar" [parent: aether-1.21.1-1.5.10-neoforge.jar, locator: jarinjar, reader: mod manifest]
[09:14:17] [main/INFO]: Found library file "imageio-webp-3.12.0.jar" [parent: yet_another_config_lib_v3-3.8.2+1.21.1-neoforge.jar, locator: jarinjar]
[09:14:17] [main/INFO]: Found library file "kotlinx-serialization-core-jvm-1.11.0.jar" [parent: kotlinforforge-5.12.0-all.jar, locator: jarinjar]
[09:14:17] [main/INFO]: Found gamelibrary file "Registrate-MC1.21-1.3.0+67.jar" [parent: create-1.21.1-6.0.10.jar, locator: jarinjar, reader: mod manifest]
[09:14:17] [main/INFO]: Found library file "japng-0.5.3.jar" [parent: fancymenu_neoforge_3.9.9_MC_1.21.1.jar, locator: jarinjar]
[09:14:17] [main/INFO]: Found mod file "infiniverse-568341-5486311.jar" [parent: ars_nouveau-1.21.1-5.13.0.jar, locator: jarinjar, reader: mod manifest]
[09:14:17] [main/INFO]: Found mod file "expandability-neoforge-12.0.0.jar" [parent: artifacts-neoforge-13.2.1.jar, locator: jarinjar, reader: mod manifest]
[09:14:17] [main/INFO]: Found mod file "journeymap-api-neoforge-2.0.0-1.21.1.jar" [parent: journeymap-neoforge-1.21.1-6.0.2.jar, locator: jarinjar, reader: mod manifest]
[09:14:17] [main/INFO]: Found library file "tiny-java-server-1.0.0-build.33.jar" [parent: kubejs-neoforge-2101.7.2-build.368.jar, locator: jarinjar]
[09:14:17] [main/INFO]: Found library file "common-lang-3.12.0.jar" [parent: yet_another_config_lib_v3-3.8.2+1.21.1-neoforge.jar, locator: jarinjar]
[09:14:17] [main/INFO]: Found library file "imageio-core-3.12.0.jar" [parent: yet_another_config_lib_v3-3.8.2+1.21.1-neoforge.jar, locator: jarinjar]
[09:14:17] [main/INFO]: 
     Mod List:
		Name Version (Mod Id)

		3d-Skin-Layers 1.11.2 (skinlayers3d)
		Accessories 1.1.0-beta.53+1.21.1 (accessories)
		Accessories Compatibility Layer 0.1.12 (accessories_compat_layer)
		Accessorify 2.3.6 (accessorify)
		AdvancedLootInfo 1.12.0 (ali)
		Advancement Plaques 1.6.8 (advancementplaques)
		AeroBlender 1.0.0 (aeroblender)
		AeronauticsCompat 1.1.3 (aeronauticscompat)
		Aggro Indicator 2.0.4 (aggroindicator)
		AI-Improvements 0.5.3 (aiimprovements)
		Akashic Tome 1.8-30 (akashictome)
		All The Leaks 1.1.11+1.21.1-neoforge (alltheleaks)
		Allthemodium 3.0.1 (allthemodium)
		AllTheOres 3.2.0 (alltheores)
		AlmostUnified 1.21.1-1.4.2 (almostunified)
		Apotheosis 8.7.0 (apotheosis)
		Apothic Attributes 2.10.1 (apothic_attributes)
		Apothic Enchanting 1.6.0 (apothic_enchanting)
		Apothic Spawners 1.4.0 (apothic_spawners)
		Architectury 13.0.11 (architectury)
		Armor of the Ages 1.5.10 (armoroftheages)
		Ars Elemental 0.7.10.1 (ars_elemental)
		Ars Nouveau 5.13.0 (ars_nouveau)
		ArsShiny 1.0.5 (arsshiny)
		Artifacts 13.2.1 (artifacts)
		Athena 4.0.6 (athena)
		Atmosphere 1.0.17 (atmosphere)
		BadOptimizations 2.4.1 (badoptimizations)
		BaguetteLib 2.0.3 (baguettelib)
		Balm 21.0.64 (balm)
		Berry Pouch 0.5.4-beta (berrypouch)
		Better Advanced Tooltips 2101.1.0-build.1 (betteradvancedtooltips)
		Better Archeology 1.21.1-1.3.8 (betterarcheology)
		Better Biome Reblend 1.5.2 (betterbiomereblend)
		Better Compatibility Checker 21.1.8 (bcc)
		better create 1.0.0 (better_create)
		Better Material 1.0.0 (better_material)
		betterchunkloading mod 5.4 (betterchunkloading)
		BetterThanMending 2.2.0 (betterthanmending)
		Biomes O' Plenty 21.1.0.14 (biomesoplenty)
		Bobber Detector 1.0.3 (bobberdetector)
		Bookshelf 21.1.81 (bookshelf)
		Building Gadgets 2 1.3.9 (buildinggadgets2)
		Building Wands 2.14 (wands)
		Carry Me 1.0-neoforge (carryme)
		Carry On 2.2.6 (carryon)
		Catch Indicator 2.1 (catchindicator)
		Chat Heads 0.15.4 (chat_heads)
		ChatNotify 2.6.9+1.21.1 (chatnotify)
		Cloth Config v15 API 15.0.140 (cloth_config)
		CobbleFurnies 1.2 (cobblefurnies)
		Cobblemon 1.7.3+1.21.1 (cobblemon)
		Cobblemon Capture XP 1.7.3-neoforge-1.3.0 (capture_xp)
		Cobblemon Cards 1.0.0 (cobblemon_cards)
		Cobblemon Challenge 2.4.0 (cobblemonchallenge)
		Cobblemon Fight or Flight 0.10.9 (fightorflight)
		Cobblemon Firework Capsules 2.1.3+1.21.1 (fireworkcapsules)
		Cobblemon Incubator 1.0.4 (cobblemon_incubator)
		Cobblemon Legendary Orbs 1.0.0 (cobblemon_legendary_orbs)
		Cobblemon PC Plus 1.2.0+1.21.1 (cobblemonpcplus)
		Cobblemon Quests 1.2.0 (cobblemon_quests)
		Cobblemon Raid Dens 0.11.5+1.21.1 (cobblemonraiddens)
		Cobblemon Raid Dens Icons 1.2.2 (cri)
		Cobblemon Trainers Backpack 1.0.2 (cobblemon_trainers_backpack)
		Cobblemon Utility+ 1.7.4 (cobblemon_utility)
		Cobblemon: Explore Legendary Dungeons 1.1.1 (pp_legendarydungeons)
		Cobblemon: Parting Gifts 3.0.2 (releaserewards)
		Cobblemon:Mega Showdown 1.9.3+1.7.3+1.21.1 (mega_showdown)
		cobblemon_industries 1.5.0 (cobblemon_industries)
		CobblemonIntegrations 1.1.6 (cobblemonintegrations)
		CobblemonSizeVariation 1.4.0 (cobblemonsizevariation)
		cobblemore_lib 1.2.10 (cobblemore_lib)
		Cobblenav 2.3.3 (cobblenav)
		Cobblepedia 0.7.0 (cobblepedia)
		Cobbreeding 2.2.2 (cobbreeding)
		CodecUI 1.21.1-1.3.6 (codecui)
		Collective 8.39 (collective)
		Common Networking 1.0.21-1.21.1 (commonnetworking)
		conditional mixin 0.6.4 (conditional_mixin)
		Configured 2.6.3 (configured)
		CorgiLib 5.0.0.9 (corgilib)
		Counter 1.7.3-neoforge-1.9.0 (cobbled_counter)
		Create 6.0.10 (create)
		Create Aeronautics 1.3.0 (aeronautics_bundled)
		Create Aeronautics 1.3.0 (aeronautics)
		Create Aeronautics: Mekanism Compatibility 0.1.21 (create_mekanism_compat)
		Create Aeronautics: Portable Engine Liquid Fuel 2.0.0 (portable_engine_liquid_fuel)
		Create Aquatic Ambitions 2.0.4 (create_aquatic_ambitions)
		Create Cobblemon Integrations 0.3.9 (createcobblemonintegrations)
		Create Contraption Terminals 0.0NONE (createcontraptionterminals)
		Create Crafts & Additions 1.6.0 (createaddition)
		Create Encased 1.9.0-ht3 (createcasing)
		Create Goggles 6.1.1 (creategoggles)
		Create Hypertube 0.6.0 (create_hypertube)
		Create Jetpack 5.2.1 (create_jetpack)
		Create Let The Adventure Begin 4.0.0 (create_ltab)
		Create Liquid Fuel 2.1.1-1.21.1 (createliquidfuel)
		Create Mechanical Companion 0.0NONE (createmechanicalcompanion)
		Create O' Plenty 3.0 (createoplenty)
		Create Offroad 1.3.0 (offroad)
		Create Oh The Biomes We ve Gone Compat 0.0NONE (create_sophback_compat)
		Create ReAutomated 0.3.2 (createreautomated)
		Create ReAutomated: Traces 0.3.0 (createreautomatedtraces)
		Create Simulated 1.3.0 (simulated)
		Create Slice & Dice 4.3.3 (sliceanddice)
		Create Stuff 'N Additions 2.1.4. (create_sa)
		Create: Bells & Whistles 0.4.7-1.21.1 (bellsandwhistles)
		Create: Central Kitchen 2.5.0 (create_central_kitchen)
		Create: Connected 1.3.2-mc1.21.1 (create_connected)
		Create: Copper and Zinc 2.0.0 (create_copper_and_zinc)
		Create: Copycats+ 3.0.4+mc.1.21.1-neoforge (copycats)
		Create: Creative 1.0.0 (create_creative)
		Create: Creator's Sword 0.2.8b (creatorsword)
		Create: Deep Dark 3.0.2 (create_deep_dark)
		Create: Dragons Plus 1.11.4 (create_dragons_plus)
		Create: Dreams n' Desires 2.3a-BETA (dndesires)
		Create: Drill Drain 1.0.13 (drill_drain)
		Create: Dynamic Village 0.7 (dynamicvillage)
		Create: Enchantment Industry 2.4.2 (create_enchantment_industry)
		Create: Escalated 1.3.1 (escalated)
		Create: Framed 1.8.2 (createframed)
		Create: Gunsmithing 1.4.9 (cgs)
		Create: Integrated Farming 1.2.6 (create_integrated_farming)
		Create: Interiors 0.6.1 (interiors)
		Create: New Additional Recipes 0.0.3 (additionalrecipes)
		Create: Numismatics 1.0.19integration+neoforge-mc1.21.1-local (numismatics)
		Create: Pattern Schematics 2.0.10 (create_pattern_schematics)
		Create: Smart Bounds 1.0.0 (smart_bounds)
		Create: The Factory Must Grow 1.2.0 (tfmg)
		create: things and misc 4.1.1 (create_things_and_misc)
		Create: Threaded Trains 1.0.0 (createthreadedtrains)
		Create: Totem Factory 1.1.2 (totemfactory)
		Create: Trading Floor 3.0.16 (trading_floor)
		Create: Ultimate Factory 2.2.4 (create_ultimate_factory)
		Create: Unbreakable Netherite Pickaxe 1.0.0 (unbreakable_netherite_pickaxe)
		Create: Unbreakable Tools - Series 2 (create_unbreakable_tools_series)
		Create: Winery 2.0.2 (create_winery)
		Create:Schematic Checker 1.21.27-6.0 (createschematicchecker)
		CreateBetterFps 1.1.4 (createbetterfps)
		Croptopia 4.2.4 (croptopia)
		Cumulus 2.0.7 (cumulus_menus)
		Cupboard mod 3.9 (cupboard)
		Curios API 9.5.1+1.21.1 (curios)
		Data Anchor 2.0.0.14 (dataanchor)
		Deep Aether 1.21.1-1.1.5.1 (deep_aether)
		Deeper and Darker 1.4.1 (deeperdarker)
		Dimensional Dungeons 209 (dimdungeons)
		Disconnect Packet Fix 2.0.1 (disconnect_packet_fix)
		Drippy Loading Screen 3.1.5 (drippyloadingscreen)
		Dynamic FPS 3.11.4 (dynamic_fps)
		ElevatorMod 1.21.1-1.11.4 (elevatorid)
		Emissivity 1.0.2 (aether_emissivity)
		EnchantmentDescriptions 21.1.10 (enchdesc)
		Enhanced Celestials 2: Core 1.0.0.2 (enhancedcelestials2core)
		Enhanced Celestials 2: Default Lunar Events 1.0.0.0 (enhancedcelestials2defaultlunarevents)
		Enhanced Extinguishing 1.0.0 (aether_enhanced_extinguishing)
		EpheroLib 1.2.0 (epherolib)
		ExpandAbility 12.0.0 (expandability)
		Explorer's Compass 1.21.1-3.4.0-neoforge (explorerscompass)
		Extreme Sound Muffler 3.56 (extremesoundmuffler)
		FancyMenu 3.9.9 (fancymenu)
		Farmer's Croptopia 3.2.2 (farmers_croptopia)
		Farmer's Delight 1.3.2 (farmersdelight)
		FarmersStructures 1.0.6 (farmers_structures)
		Farming for Blockheads 21.1.13 (farmingforblockheads)
		Fast Suite 6.0.7 (fastsuite)
		Fast Workbench 9.1.3 (fastbench)
		fastasyncworldsave mod 2.6 (fastasyncworldsave)
		FastFurnace 9.0.1 (fastfurnace)
		Ferrite Core 7.0.3 (ferritecore)
		FindMe 3.3.3 (findme)
		Fish On The Line 3.5 (fishontheline)
		Flight Lib 4.0.36 (flightlib)
		Flywheel 1.0.6 (flywheel)
		Forgified Fabric API Base 0.4.42+d1308ded19 (fabric_api_base)
		Forgified Fabric BlockView API (v2) 1.0.10+9afaaf8c19 (fabric_block_view_api_v2)
		Forgified Fabric Renderer API (v1) 3.4.1+9125b6dc19 (fabric_renderer_api_v1)
		Forgified Fabric Rendering Data Attachment (v1) 0.3.48+73761d2e19 (fabric_rendering_data_attachment_v1)
		Framework 0.13.11 (framework)
		FTB Chunks 2101.1.21 (ftbchunks)
		FTB Essentials 2101.1.10 (ftbessentials)
		FTB Filter System 21.1.4 (ftbfiltersystem)
		FTB Library 2101.1.34 (ftblibrary)
		FTB Pause Menu API 21.1.3 (ftbpmapi)
		FTB Quests 2101.1.29 (ftbquests)
		FTB Ranks 2101.1.4 (ftbranks)
		FTB Teams 2101.1.10 (ftbteams)
		FTB Ultimine 2101.1.15 (ftbultimine)
		FTB XMod Compat 21.1.10 (ftbxmodcompat)
		Functional Storage 1.21.1-1.5.4 (functionalstorage)
		Fusion 1.3.12 (fusion)
		Fzzy Config 0.7.6+1.21+neoforge (fzzy_config)
		GeckoLib 4 4.9.2 (geckolib)
		GlitchCore 2.1.0.2 (glitchcore)
		Gpu memory leak fix 1.8 (gpumemleakfix)
		Gravestone Curios Compatibility 3.0.1 (gravestonecurioscompat)
		Gravestone Mod 1.21.1-1.0.38 (gravestone)
		GuideME 21.1.17 (guideme)
		Iceberg 1.3.2 (iceberg)
		Industrial Foregoing 1.21-3.6.38 (industrialforegoing)
		Infiniverse 2.0.1.0 (infiniverse)
		Inventory Essentials 21.1.17 (inventoryessentials)
		Inventory Tweaks Refoxed 1.21.1-1.3.2 (invtweaks)
		Iris 1.8.14-beta.1+mc1.21.1 (iris)
		Jade 15.10.5+neoforge (jade)
		Journeymap 1.21.1-6.0.2 (journeymap)
		JourneyMap API 2.0.0-1.21.1 (journeymap_api)
		Just Enough Items 19.43.0.393 (jei)
		Just Enough Professions (JEP) 4.0.5 (justenoughprofessions)
		Just Enough Resources 1.6.0.17 (jeresources)
		Konkrete 1.9.9 (konkrete)
		Kotlin For Forge 5.12.0 (kotlinforforge)
		KubeJS 2101.7.2-build.368 (kubejs)
		KubeJS Create 2101.3.1-build.18 (kubejs_create)
		KumaAPI 21.0.8 (kuma_api)
		LambDynamicLights 4.8.10+1.21.1 (lambdynlights)
		LambDynamicLights (API) 4.8.10+1.21.1 (lambdynlights_api)
		LambDynamicLights (Runtime) 4.8.10+1.21.1 (lambdynlights_runtime)
		Leaderboards 2.0.4 (leaderboards)
		leaky mod 2.4 (leaky)
		Legendary Tooltips 1.5.5 (legendarytooltips)
		LevelTools 1.0.0 (leveltools)
		Light Overlay 12.0.0 (lightoverlay)
		Lightman's Currency 1.21-2.3.0.5 (lightmanscurrency)
		Log Begone 1.0.3 (logbegone)
		Logprot 3.5 (logprot)
		Longer Chat History 1.7 (longerchathistory)
		Lootintegrations mod 4.7 (lootintegrations)
		lootintegrations_ctov mod 1 (lootintegrations_ctov)
		lootintegrations_structory mod 1 (lootintegrations_structory)
		lootintegrations_yungs mod 1 (lootintegrations_yungs)
		LootJS 1.21.1-3.7.0 (lootjs)
		Lootr 1.21.1-1.11.38.123 (lootr)
		Macaw's Bridges 3.1.2 (mcwbridges)
		Macaw's Doors 1.1.5 (mcwdoors)
		Macaw's Fences and Walls 1.2.1 (mcwfences)
		Macaw's Holidays 1.1.2 (mcwholidays)
		Macaw's Lights and Lamps 1.1.5 (mcwlights)
		Macaw's Paths and Pavings 1.1.1 (mcwpaths)
		Macaw's Roofs 2.3.2 (mcwroofs)
		Macaw's Stairs and Balconies 1.0.2 (mcwstairs)
		Macaw's Trapdoors 1.1.5 (mcwtrpdoors)
		Macaw's Windows 2.4.2 (mcwwindows)
		mangomultiblock 3.0 (mangomultiblock)
		Max Repel 1.3.1 (maxrepel)
		MaxHealthFix 21.1.4 (maxhealthfix)
		Mekanism 10.7.19 (mekanism)
		Melody 1.0.10 (melody)
		Merge Enchantments 4.3 (merenc)
		MetalBarrels 7 (metalbarrels)
		MidnightLib 1.9.3 (midnightlib)
		Minecraft 1.21.1 (minecraft)
		Mob Grinding Utils 1.1.10+mc1.21.1 (mob_grinding_utils)
		Modern World Creation 2.0.1 (modernworldcreation)
		ModernFix 5.27.20+mc1.21.1 (modernfix)
		Modonomicon 1.120.4 (modonomicon)
		Moonlight Lib 1.21.1-3.3.2 (moonlight)
		More Dragon Eggs 5.0 (moredragoneggs)
		MoreCobblemonTweaks 1.3.3 (more_cobblemon_tweaks)
		MrCrayfish's Furniture Mod: Refurbished 1.0.22 (refurbished_furniture)
		My Nether's Delight 1.10.4 (mynethersdelight)
		Nature's Compass 1.21.1-3.4.0-neoforge (naturescompass)
		Neo Vitae 1.1.6 (neovitae)
		NeoForge 21.1.241 (neoforge)
		NeoVitae KubeJS Addon 0.0.1 (neovitaekjs)
		NetherPortalFix 21.1.1 (netherportalfix)
		Nitrogen 1.1.25 (nitrogen_internals)
		No Enchantment Cap Level 1.2 (noenchantmentcaplevel)
		Northstar Redux 0.6.4+1.21.1 (northstar)
		Not Enough Recipe Book 0.4.3 (nerb)
		Nuggets 1.1.0.48 (nuggets)
		NukaTeam's Gun Lib 3.1.8 (ntgl)
		OctoLib 0.6.2 (octolib)
		Oh The Biomes We've Gone 2.6.0 (biomeswevegone)
		Oh The Trees You'll Grow 5.3.2 (ohthetreesyoullgrow)
		Ore Distribution Scanner 1.0.0-1.21.1 (ore_distribution_scanner)
		Ore Vein Miner 1.2 (mr_ore_veinminer)
		oωo 0.12.15.5-beta.1+1.21 (owo)
		PacketFixer 3.3.1 (packetfixer)
		Patchouli 1.21.1-93-NEOFORGE (patchouli)
		Paxi 1.21.1-NeoForge-5.1.3 (paxi)
		PKGBadges 7.0 (pkgbadges)
		Placebo 9.9.2 (placebo)
		Player Animator 2.0.4+1.21.1 (playeranimator)
		PlayerXP 1.0.9+1.21.1 (playerxp)
		Polymorph 1.1.0+1.21.1 (polymorph)
		Ponder 1.0.82+mc1.21.1 (ponder)
		Powah 6.2.10 (powah)
		PrickleMC 21.1.11 (prickle)
		Pride Lib 1.2.4+1.21.1 (pride)
		Prism 1.0.11 (prism)
		Radical Cobblemon Trainers 0.18.1-beta (rctmod)
		Radical Cobblemon Trainers API 0.15.2-beta (rctapi)
		Radical Gyms & Structures - RGS 1.21 (rgs)
		Rechiseled 1.2.5 (rechiseled)
		Rechiseled: Create 1.1.1 (rechiseledcreate)
		Refined Storage 2.0.9 (refinedstorage)
		Refined Storage - JEI Integration 1.0.0 (refinedstorage_jei_integration)
		Relics 0.10.7.8 (relics)
		Resourcefulconfig 3.0.11 (resourcefulconfig)
		Rhino 2101.2.7-build.85 (rhino)
		Sable 2.0.3 (sable)
		Sable Companion 1.6.0 (sablecompanion)
		Sauce Library 0.0.47.92 (sauce)
		Searchables 1.0.2 (searchables)
		Silent Gear 4.2.1.1 (silentgear)
		Silent Lib 10.6.0 (silentlib)
		Simple Backups 1.21-4.0.21 (simplebackups)
		Simple Voice Chat 1.21.1-2.6.21 (voicechat)
		SimpleTMs 2.3.3 (simpletms)
		Smoothchunk mod 4.1 (smoothchunk)
		Sodium 0.8.12+mc1.21.1 (sodium)
		Some Assembly Required 5.2.8 (someassemblyrequired)
		Sophisticated Backpacks 3.25.73 (sophisticatedbackpacks)
		Sophisticated Core 1.4.80 (sophisticatedcore)
		Sophisticated Storage 1.5.83 (sophisticatedstorage)
		Sophisticated Storage Create Integration 0.1.21 (sophisticatedstoragecreateintegration)
		Sophisticated Storage In Motion 0.10.33 (sophisticatedstorageinmotion)
		Spawn Chaining 1.7.3-neoforge-1.1.1 (spawn_chaining)
		SpruceUI 6.2.5+1.21.1 (spruceui)
		SuperMartijn642's Config Library 1.1.8 (supermartijn642configlib)
		SuperMartijn642's Core Lib 1.1.22 (supermartijn642corelib)
		Supplementaries 1.21.1-3.8.5 (supplementaries)
		TerraBlender 4.1.0.8 (terrablender)
		The Aether 1.5.10 (aether)
		Tim Core 1.7.3-neoforge-1.32.0 (tim_core)
		Titanium 4.0.43 (titanium)
		Toggleable Enchantments 1.0.5 (toggleable_enchantments)
		Tom's Simple Storage Mod 2.4.1 (toms_storage)
		Tool Belt 2.2.10 (toolbelt)
		Torchmaster 21.1.9 (torchmaster)
		TorqueAPI 1.2.2 (torqueapi)
		TRansition 1.0.21 (transition)
		Treasure Reforging 1.0.1 (aether_treasure_reforging)
		Tree Harvester 9.1 (treeharvester)
		TRender 1.0.15 (trender)
		Unchained 1.7.3-neoforge-1.7.1 (unchained)
		Veil 4.1.4 (veil)
		Void Miners Remastered 2.0.0 (voidminersremastered)
		Waystones 21.1.40 (waystones)
		Xaero's Minimap 26.4.2 (xaerominimap)
		Xaero's World Map 1.44.2 (xaeroworldmap)
		XaeroLib 1.7.1 (xaerolib)
		XaeroPlus 2.35.1 (xaeroplus)
		Ycurrenci 2.1.0 (ycurrenci)
		YetAnotherConfigLib 3.8.2+1.21.1-neoforge (yet_another_config_lib_v3)
		Yumi Minecraft Libraries: Foundation 1.0.0-beta.1+1.21.1 (yumi_mc_core)
		YUNG's API 1.21.1-NeoForge-5.1.6 (yungsapi)
		YUNG's Better Dungeons 1.21.1-NeoForge-5.1.4 (betterdungeons)
		YUNG's Better End Island 1.21.1-NeoForge-3.1.2 (betterendisland)
		YUNG's Better Mineshafts 1.21.1-NeoForge-5.1.1 (bettermineshafts)
		YUNG's Better Ocean Monuments 1.21.1-NeoForge-4.1.2 (betteroceanmonuments)
		YUNG's Bridges 1.21.1-NeoForge-5.1.1 (yungsbridges)
[09:14:18] [main/ERROR]: Access transformer file META-INF/accesstransformer.cfg provided by mod pride does not exist!
[09:14:18] [main/INFO]: Loading coremod script-engine for [apothic_enchanting, xaerominimap, xaeroworldmap]
[09:14:23] [main/INFO]: Compatibility level set to JAVA_21
[09:14:23] [main/INFO]: Launching target 'forgeclient' with arguments [--version, neoforge-21.1.241, --gameDir, C:\Users\vince\curseforge\minecraft\Instances\NZR Cobblemon, --assetsDir, C:\Users\vince\curseforge\minecraft\Install\assets, --uuid, 843a135a0aa64889a67384a053cb3433, --username, SethOffiiciel, --assetIndex, 17, --accessToken, ❄❄❄❄❄❄❄❄, --clientId, ed4231-c700a3-26608e-22654b-c74597, --xuid, 2535433355416315, --userType, msa, --versionType, release, --width, 1024, --height, 768, --quickPlayPath, C:\Users\vince\curseforge\minecraft\Quickplay\682d5080-a092-4549-880e-eab13d929439.json, , , ]
[09:14:23] [main/WARN]: Reference map 'betterdungeons.refmap.json' for betterdungeons.mixins.json could not be read. If this is a development environment you can ignore this message
[09:14:23] [main/WARN]: Reference map 'modernworldcreation.refmap.json' for modernworldcreation.mixins.json could not be read. If this is a development environment you can ignore this message
[09:14:23] [main/WARN]: Reference map 'modernworldcreation.refmap.json' for modernworldcreation.neoforge.mixins.json could not be read. If this is a development environment you can ignore this message
[09:14:23] [main/INFO]: Loaded configuration file for ModernFix 5.27.20+mc1.21.1: 89 options available, 0 override(s) found
[09:14:23] [main/INFO]: Applying Nashorn fix
[09:14:23] [main/INFO]: Configuring Minecraft's max.bg.threads option with 13 threads
[09:14:23] [main/WARN]: Reference map 'yungsapi.refmap.json' for yungsapi.mixins.json could not be read. If this is a development environment you can ignore this message
[09:14:23] [main/WARN]: Reference map 'maxhealthfix.refmap.json' for maxhealthfix.mixins.json could not be read. If this is a development environment you can ignore this message
[09:14:23] [main/WARN]: Reference map 'iris.refmap.json' for mixins.iris.json could not be read. If this is a development environment you can ignore this message
[09:14:23] [main/WARN]: Reference map 'iris.refmap.json' for mixins.iris.fantastic.json could not be read. If this is a development environment you can ignore this message
[09:14:23] [main/WARN]: Reference map 'iris.refmap.json' for mixins.iris.vertexformat.json could not be read. If this is a development environment you can ignore this message
[09:14:23] [main/WARN]: Reference map 'iris.refmap.json' for iris-batched-entity-rendering.mixins.json could not be read. If this is a development environment you can ignore this message
[09:14:23] [main/WARN]: Reference map 'iris.refmap.json' for mixins.iris.compat.sodium.json could not be read. If this is a development environment you can ignore this message
[09:14:23] [main/WARN]: Reference map 'balm.refmap.json' for balm.mixins.json could not be read. If this is a development environment you can ignore this message
[09:14:23] [main/WARN]: Reference map 'prickle.refmap.json' for prickle.mixins.json could not be read. If this is a development environment you can ignore this message
[09:14:23] [main/WARN]: Reference map 'createbetterfps.refmap.json' for createbetterfps.mixins.json could not be read. If this is a development environment you can ignore this message
[09:14:23] [main/WARN]: Reference map 'chatnotify.refmap.json' for chatnotify.mixins.json could not be read. If this is a development environment you can ignore this message
[09:14:23] [main/WARN]: Reference map 'chatnotify.refmap.json' for chatnotify.neoforge.mixins.json could not be read. If this is a development environment you can ignore this message
[09:14:23] [main/WARN]: Reference map 'torchmaster.refmap.json' for torchmaster.mixins.json could not be read. If this is a development environment you can ignore this message
[09:14:23] [main/WARN]: Reference map 'supermartijn642corelib.mixins.refmap.json' for supermartijn642corelib.mixins.json could not be read. If this is a development environment you can ignore this message
[09:14:23] [main/WARN]: Reference map 'yungsbridges.refmap.json' for yungsbridges.mixins.json could not be read. If this is a development environment you can ignore this message
[09:14:23] [main/WARN]: Reference map 'curios.refmap.json' for curios.neoforge.mixins.json could not be read. If this is a development environment you can ignore this message
[09:14:23] [main/WARN]: Reference map 'curios.refmap.json' for curios.mixins.json could not be read. If this is a development environment you can ignore this message
[09:14:23] [main/WARN]: Reference map '${mod_id}.refmap.json' for trading_floor.mixins.json could not be read. If this is a development environment you can ignore this message
[09:14:23] [main/WARN]: Reference map 'searchables.refmap.json' for searchables.mixins.json could not be read. If this is a development environment you can ignore this message
[09:14:23] [main/WARN]: Reference map 'searchables.refmap.json' for searchables.neoforge.mixins.json could not be read. If this is a development environment you can ignore this message
[09:14:23] [main/WARN]: Reference map '' for accessories-common.mixins.json could not be read. If this is a development environment you can ignore this message
[09:14:23] [main/WARN]: Reference map '' for accessories-forge.mixins.json could not be read. If this is a development environment you can ignore this message
[09:14:23] [main/WARN]: Reference map 'cumulus_menus.refmap.json' for cumulus_menus.mixins.json could not be read. If this is a development environment you can ignore this message
[09:14:23] [main/WARN]: Reference map 'cumulus_menus.refmap.json' for cumulus_menus.neoforge.mixins.json could not be read. If this is a development environment you can ignore this message
[09:14:23] [main/WARN]: Reference map 'toggleable_enchantments.refmap.json' for toggleable_enchantments.mixins.json could not be read. If this is a development environment you can ignore this message
[09:14:23] [main/WARN]: Reference map 'betterendisland.refmap.json' for betterendisland.mixins.json could not be read. If this is a development environment you can ignore this message
[09:14:23] [main/WARN]: Reference map 'nitrogen_internals.refmap.json' for nitrogen_internals.mixins.json could not be read. If this is a development environment you can ignore this message
[09:14:23] [main/WARN]: Reference map 'bettermineshafts.refmap.json' for bettermineshafts.mixins.json could not be read. If this is a development environment you can ignore this message
[09:14:23] [main/WARN]: Reference map 'aeronautics.refmap.json' for aeronautics.mixins.json could not be read. If this is a development environment you can ignore this message
[09:14:23] [main/WARN]: Reference map 'paxi.refmap.json' for paxi.mixins.json could not be read. If this is a development environment you can ignore this message
[09:14:23] [main/WARN]: Reference map 'paxi.refmap.json' for paxi_neoforge.mixins.json could not be read. If this is a development environment you can ignore this message
[09:14:23] [main/WARN]: Reference map 'fastasyncworldsave.refmap.json' for fastasyncworldsave.mixins.json could not be read. If this is a development environment you can ignore this message
[09:14:23] [main/WARN]: Reference map 'glitchcore.refmap.json' for glitchcore.mixins.json could not be read. If this is a development environment you can ignore this message
[09:14:23] [main/WARN]: Reference map 'glitchcore.refmap.json' for glitchcore.neoforge.mixins.json could not be read. If this is a development environment you can ignore this message
[09:14:23] [main/WARN]: Reference map 'farmingforblockheads.refmap.json' for farmingforblockheads.mixins.json could not be read. If this is a development environment you can ignore this message
[09:14:23] [main/INFO]: Loaded configuration file for Sodium: 45 options available, 1 override(s) found
[09:14:23] [main/WARN]: Reference map 'logbegone.refmap.json' for logbegone.neoforge.mixins.json could not be read. If this is a development environment you can ignore this message
[09:14:23] [main/WARN]: Reference map '${mixin_refmap}' for createschematicchecker.mixins.json could not be read. If this is a development environment you can ignore this message
[09:14:23] [main/WARN]: Reference map 'offroad.refmap.json' for offroad.mixins.json could not be read. If this is a development environment you can ignore this message
[09:14:23] [main/WARN]: Reference map 'drippyloadingscreen.refmap.json' for drippyloadingscreen.mixins.json could not be read. If this is a development environment you can ignore this message
[09:14:23] [main/WARN]: Reference map 'drippyloadingscreen.refmap.json' for drippyloadingscreen.neoforge.mixins.json could not be read. If this is a development environment you can ignore this message
[09:14:23] [main/WARN]: Reference map 'smoothchunk.refmap.json' for smoothchunk.mixins.json could not be read. If this is a development environment you can ignore this message
[09:14:23] [main/WARN]: Reference map 'logprot.refmap.json' for logprot.mixins.json could not be read. If this is a development environment you can ignore this message
[09:14:23] [main/WARN]: Reference map 'terrablender.refmap.json' for terrablender.mixins.json could not be read. If this is a development environment you can ignore this message
[09:14:23] [main/WARN]: Reference map 'terrablender.refmap.json' for terrablender_neoforge.mixins.json could not be read. If this is a development environment you can ignore this message
[09:14:23] [main/WARN]: Reference map 'biomesoplenty.refmap.json' for biomesoplenty.mixins.json could not be read. If this is a development environment you can ignore this message
[09:14:23] [main/WARN]: Reference map 'biomesoplenty.refmap.json' for biomesoplenty.neoforge.mixins.json could not be read. If this is a development environment you can ignore this message
[09:14:23] [main/WARN]: Reference map 'allthemodium.refmap.json' for allthemodium.mixins.json could not be read. If this is a development environment you can ignore this message
[09:14:23] [main/WARN]: Reference map 'aeroblender.refmap.json' for aeroblender.mixins.json could not be read. If this is a development environment you can ignore this message
[09:14:23] [main/WARN]: Reference map 'ponder.refmap.json' for ponder-common.mixins.json could not be read. If this is a development environment you can ignore this message
[09:14:23] [main/WARN]: Reference map 'polymorph.refmap.json' for polymorph.mixins.json could not be read. If this is a development environment you can ignore this message
[09:14:23] [main/WARN]: Reference map 'polymorph.refmap.json' for polymorph-compatibility.mixins.json could not be read. If this is a development environment you can ignore this message
[09:14:23] [main/WARN]: Reference map 'xaerominimap.refmap.json' for xaerohud.mixins.json could not be read. If this is a development environment you can ignore this message
[09:14:23] [main/WARN]: Reference map 'xaerominimap.refmap.json' for xaerominimap.mixins.json could not be read. If this is a development environment you can ignore this message
[09:14:23] [main/WARN]: Reference map 'extremesoundmuffler.refmap.json' for extremesoundmuffler.mixins.json could not be read. If this is a development environment you can ignore this message
[09:14:23] [main/WARN]: Reference map 'kuma_api.refmap.json' for kuma_api.mixins.json could not be read. If this is a development environment you can ignore this message
[09:14:23] [main/WARN]: Reference map 'netherportalfix.refmap.json' for netherportalfix.mixins.json could not be read. If this is a development environment you can ignore this message
[09:14:23] [main/WARN]: Reference map 'geckolib.refmap.json' for geckolib.mixins.json could not be read. If this is a development environment you can ignore this message
[09:14:24] [main/WARN]: Reference map 'ars_nouveau.refmap.json' for ars_nouveau.mixins.json could not be read. If this is a development environment you can ignore this message
[09:14:24] [main/WARN]: Reference map 'sauce.refmap.json' for sauce.mixins.json could not be read. If this is a development environment you can ignore this message
[09:14:24] [main/WARN]: Reference map 'aether.refmap.json' for aether.mixins.json could not be read. If this is a development environment you can ignore this message
[09:14:24] [main/WARN]: Reference map 'deep_aether.refmap.json' for deep_aether.mixins.json could not be read. If this is a development environment you can ignore this message
[09:14:24] [main/WARN]: Reference map 'betteroceanmonuments.refmap.json' for betteroceanmonuments.mixins.json could not be read. If this is a development environment you can ignore this message
[09:14:24] [main/WARN]: Reference map 'gpumemleakfix.refmap.json' for gpumemleakfix.mixins.json could not be read. If this is a development environment you can ignore this message
[09:14:24] [main/WARN]: Reference map 'ntgl.mixin-refmap.json' for ntgl.mixin.json could not be read. If this is a development environment you can ignore this message
[09:14:24] [main/WARN]: Reference map '${mod_id}.refmap.json' for drill_drain.mixins.json could not be read. If this is a development environment you can ignore this message
[09:14:24] [main/WARN]: Reference map 'xaeroworldmap.refmap.json' for xaeroworldmap.mixins.json could not be read. If this is a development environment you can ignore this message
[09:14:24] [main/WARN]: Reference map 'placebo.refmap.json' for placebo.mixins.json could not be read. If this is a development environment you can ignore this message
[09:14:24] [main/WARN]: Reference map 'apothic_attributes.refmap.json' for apothic_attributes.mixins.json could not be read. If this is a development environment you can ignore this message
[09:14:24] [main/WARN]: Reference map 'fastfurnace.refmap.json' for fastfurnace.mixins.json could not be read. If this is a development environment you can ignore this message
[09:14:24] [main/WARN]: Reference map 'lootintegrations.refmap.json' for lootintegrations.mixins.json could not be read. If this is a development environment you can ignore this message
[09:14:24] [main/WARN]: Reference map 'bookshelf.refmap.json' for bookshelf.mixins.json could not be read. If this is a development environment you can ignore this message
[09:14:24] [main/WARN]: Reference map 'simulated.refmap.json' for simulated.mixins.json could not be read. If this is a development environment you can ignore this message
[09:14:24] [main/WARN]: Reference map 'relics.refmap.json' for relics.mixins.json could not be read. If this is a development environment you can ignore this message
[09:14:24] [main/WARN]: Reference map 'nuggets.refmap.json' for nuggets.mixins.json could not be read. If this is a development environment you can ignore this message
[09:14:24] [main/WARN]: Reference map 'carryon.refmap.json' for carryon.mixins.json could not be read. If this is a development environment you can ignore this message
[09:14:24] [main/WARN]: Reference map 'melody.refmap.json' for melody.mixins.json could not be read. If this is a development environment you can ignore this message
[09:14:24] [main/WARN]: Reference map 'melody.refmap.json' for melody.neoforge.mixins.json could not be read. If this is a development environment you can ignore this message
[09:14:24] [main/WARN]: Reference map 'konkrete.refmap.json' for konkrete.mixins.json could not be read. If this is a development environment you can ignore this message
[09:14:24] [main/WARN]: Reference map 'konkrete.refmap.json' for konkrete.neoforge.mixins.json could not be read. If this is a development environment you can ignore this message
[09:14:24] [main/WARN]: Reference map 'create_connected.refmap.json' for create_connected.mixins.json could not be read. If this is a development environment you can ignore this message
[09:14:24] [main/WARN]: Reference map 'cobblemonintegrations.refmap.json' for cobblemonintegrations-common.mixins.json could not be read. If this is a development environment you can ignore this message
[09:14:24] [main/WARN]: Reference map 'cobblemonintegrations.refmap.json' for cobblemonintegrations.mixins.json could not be read. If this is a development environment you can ignore this message
[09:14:24] [main/WARN]: Reference map 'leaky.refmap.json' for leaky.mixins.json could not be read. If this is a development environment you can ignore this message
[09:14:24] [main/WARN]: Reference map 'patchouli.refmap.json' for patchouli_xplat.mixins.json could not be read. If this is a development environment you can ignore this message
[09:14:24] [main/WARN]: Reference map 'croptopia.refmap.json' for croptopia.mixins.json could not be read. If this is a development environment you can ignore this message
[09:14:24] [main/WARN]: Reference map 'aether_emissivity.refmap.json' for aether_emissivity.mixins.json could not be read. If this is a development environment you can ignore this message
[09:14:24] [main/WARN]: Reference map 'create_hypertube.refmap.json' for create_hypertube.mixins.json could not be read. If this is a development environment you can ignore this message
[09:14:24] [main/WARN]: Reference map 'conflict_fix.refmap.json' for conflict_fix.mixins.json could not be read. If this is a development environment you can ignore this message
[09:14:24] [main/WARN]: Reference map 'CreateLiquidFuel.refmap.json' for createliquidfuel.mixins.json could not be read. If this is a development environment you can ignore this message
[09:14:24] [main/WARN]: Reference map 'refurbished_furniture.refmap.json' for refurbished_furniture.common.mixins.json could not be read. If this is a development environment you can ignore this message
[09:14:24] [main/WARN]: Reference map 'inventoryessentials.refmap.json' for inventoryessentials.mixins.json could not be read. If this is a development environment you can ignore this message
[09:14:24] [main/WARN]: Reference map 'xaerolib.refmap.json' for xaerolib.mixins.json could not be read. If this is a development environment you can ignore this message
[09:14:24] [main/WARN]: Reference map '' for accessories_compat_layer-common.mixins.json could not be read. If this is a development environment you can ignore this message
[09:14:24] [main/WARN]: Reference map '' for accessories_compat_layer-trinkets.mixins.json could not be read. If this is a development environment you can ignore this message
[09:14:24] [main/WARN]: Reference map '' for accessories_compat_layer-curios.mixins.json could not be read. If this is a development environment you can ignore this message
[09:14:24] [main/WARN]: Reference map 'createcasing.refmap.json' for createcasing.mixins.json could not be read. If this is a development environment you can ignore this message
[09:14:24] [main/WARN]: Reference map 'cgs.mixin-refmap.json' for cgs.mixin.json could not be read. If this is a development environment you can ignore this message
[09:14:24] [main/WARN]: Reference map 'dndesires.refmap.json' for dndesires.mixins.json could not be read. If this is a development environment you can ignore this message
[09:14:24] [main/INFO]: Using Sodium renderer mixins
[09:14:24] [main/INFO]: Using Sodium renderer mixins
[09:14:24] [main/INFO]: [sh.rsap.aeronauticscompat.mixin.AeronauticsCompatMixinPlugin:onLoad:66]: [AeronauticsCompat] Mod detection: sable=true etched=false waterframes=false citadel=false thick_air=false bnb=false simulated=true pneumaticcraft=false cobblemon=true storagedrawers=false chameleon=false camera=false
[09:14:24] [main/WARN]: Reference map 'someassemblyrequired.refmap.json' for someassemblyrequired.mixins.json could not be read. If this is a development environment you can ignore this message
[09:14:24] [main/WARN]: Reference map 'waystones.refmap.json' for waystones.mixins.json could not be read. If this is a development environment you can ignore this message
[09:14:24] [main/WARN]: Reference map 'fastsuite.refmap.json' for fastsuite.mixins.json could not be read. If this is a development environment you can ignore this message
[09:14:24] [main/WARN]: Reference map 'aggroindicator.refmap.json' for aggroindicator.mixins.json could not be read. If this is a development environment you can ignore this message
[09:14:24] [main/WARN]: Reference map 'skinlayers3d.refmap.mixins.json' for skinlayers3d.mixins.json could not be read. If this is a development environment you can ignore this message
[09:14:24] [main/WARN]: Reference map 'tfmg.refmap.json' for tfmg.mixins.json could not be read. If this is a development environment you can ignore this message
[09:14:24] [main/WARN]: Reference map 'enchdesc.refmap.json' for enchdesc.mixins.json could not be read. If this is a development environment you can ignore this message
[09:14:24] [main/WARN]: Reference map 'apothic_spawners.refmap.json' for apothic_spawners.mixins.json could not be read. If this is a development environment you can ignore this message
[09:14:24] [main/WARN]: Reference map 'apotheosis.refmap.json' for apotheosis.mixins.json could not be read. If this is a development environment you can ignore this message
[09:14:24] [main/WARN]: Reference map 'fastbench.refmap.json' for fastbench.mixins.json could not be read. If this is a development environment you can ignore this message
[09:14:24] [main/WARN]: Reference map 'ars_elemental.refmap.json' for ars_elemental.mixins.json could not be read. If this is a development environment you can ignore this message
[09:14:24] [main/WARN]: Reference map 'armoroftheages.refmap.json' for armoroftheages.mixins.json could not be read. If this is a development environment you can ignore this message
[09:14:24] [main/WARN]: Reference map 'armoroftheages.refmap.json' for armoroftheages.neoforge.mixins.json could not be read. If this is a development environment you can ignore this message
[09:14:24] [main/WARN]: Reference map 'betterchunkloading.refmap.json' for betterchunkloading.mixins.json could not be read. If this is a development environment you can ignore this message
[09:14:24] [main/WARN]: Reference map 'fancymenu.refmap.json' for fancymenu.mixins.json could not be read. If this is a development environment you can ignore this message
[09:14:24] [main/WARN]: Reference map 'fancymenu.refmap.json' for fancymenu.neoforge.mixins.json could not be read. If this is a development environment you can ignore this message
[09:14:24] [main/WARN]: Reference map '${refmap_target}refmap.json' for ferritecore.predicates.mixin.json could not be read. If this is a development environment you can ignore this message
[09:14:24] [main/WARN]: Reference map '${refmap_target}refmap.json' for ferritecore.fastmap.mixin.json could not be read. If this is a development environment you can ignore this message
[09:14:24] [main/WARN]: Reference map '${refmap_target}refmap.json' for ferritecore.mrl.mixin.json could not be read. If this is a development environment you can ignore this message
[09:14:24] [main/WARN]: Reference map '${refmap_target}refmap.json' for ferritecore.dedupmultipart.mixin.json could not be read. If this is a development environment you can ignore this message
[09:14:24] [main/WARN]: Reference map '${refmap_target}refmap.json' for ferritecore.blockstatecache.mixin.json could not be read. If this is a development environment you can ignore this message
[09:14:24] [main/WARN]: Reference map '${refmap_target}refmap.json' for ferritecore.dedupbakedquad.mixin.json could not be read. If this is a development environment you can ignore this message
[09:14:24] [main/WARN]: Reference map '${refmap_target}refmap.json' for ferritecore.threaddetec.mixin.json could not be read. If this is a development environment you can ignore this message
[09:14:24] [main/WARN]: Reference map '${refmap_target}refmap.json' for ferritecore.modelsides.mixin.json could not be read. If this is a development environment you can ignore this message
[09:14:24] [main/WARN]: Reference map '${refmap_target}refmap.json' for ferritecore.datacomponents.mixin.json could not be read. If this is a development environment you can ignore this message
[09:14:24] [main/WARN]: Reference map '${refmap_target}refmap.json' for ferritecore.accessors.mixin.json could not be read. If this is a development environment you can ignore this message
[09:14:24] [main/WARN]: Reference map 'yet_another_config_lib_v3.refmap.json' for yacl.mixins.json could not be read. If this is a development environment you can ignore this message
[09:14:24] [main/WARN]: Reference map 'moredragoneggs.refmap.json' for moredragoneggs.mixins.json could not be read. If this is a development environment you can ignore this message
[09:14:24] [main/INFO]: Packet Fixer neoforge 1.20.5-1.21.X has been applied successfully.
[09:14:24] [main/INFO]: Config version: 6
[09:14:24] [main/INFO]: BadOptimizations config dump:
[09:14:24] [main/INFO]: enable_toast_optimizations: true
[09:14:24] [main/INFO]: ignore_mod_incompatibilities: false
[09:14:24] [main/INFO]: lightmap_time_change_needed_for_update: 80
[09:14:24] [main/INFO]: enable_lightmap_caching: true
[09:14:24] [main/INFO]: enable_particle_manager_optimization: true
[09:14:24] [main/INFO]: enable_entity_renderer_caching: true
[09:14:24] [main/INFO]: log_config: true
[09:14:24] [main/INFO]: enable_remove_redundant_fov_calculations: true
[09:14:24] [main/INFO]: config_version: 6
[09:14:24] [main/INFO]: enable_sky_angle_caching_in_worldrenderer: true
[09:14:24] [main/INFO]: enable_block_entity_renderer_caching: true
[09:14:24] [main/INFO]: skycolor_time_change_needed_for_update: 3
[09:14:24] [main/INFO]: enable_entity_flag_caching: true
[09:14:24] [main/INFO]: ignore_mod_cache_hooks: false
[09:14:24] [main/INFO]: enable_debug_renderer_disable_if_not_needed: true
[09:14:24] [main/INFO]: enable_sky_color_caching: true
[09:14:24] [main/INFO]: enable_remove_tutorial_if_not_demo: true
[09:14:24] [main/INFO]: show_f3_text: true
[09:14:24] [main/INFO]: Disabling enable_entity_flag_caching because mod "biomeswevegone" is incompatible with it (built-in)
[09:14:24] [main/WARN]: Reference map 'EpheroLib-refmap.json' for epherolib.mixins.json could not be read. If this is a development environment you can ignore this message
[09:14:24] [main/WARN]: Error loading class: com/lodestar/aileron/Aileron (java.lang.ClassNotFoundException: com.lodestar.aileron.Aileron)
[09:14:24] [main/WARN]: @Mixin target com.lodestar.aileron.Aileron was not found accessorify.mixins.json:compat.aileron.AileronMixin from mod accessorify
[09:14:24] [main/WARN]: Error loading class: dev/obscuria/elixirum/common/hooks/LivingEntityHooks (java.lang.ClassNotFoundException: dev.obscuria.elixirum.common.hooks.LivingEntityHooks)
[09:14:24] [main/WARN]: @Mixin target dev.obscuria.elixirum.common.hooks.LivingEntityHooks was not found accessorify.mixins.json:compat.arselixirum.LivingEntityHooksMixin from mod accessorify
[09:14:24] [main/WARN]: Error loading class: dev/arbor/extrasoundsnext/sounds/SoundManager (java.lang.ClassNotFoundException: dev.arbor.extrasoundsnext.sounds.SoundManager)
[09:14:24] [main/WARN]: @Mixin target dev.arbor.extrasoundsnext.sounds.SoundManager was not found accessorify.mixins.json:compat.extrasounds.SoundManagerMixin from mod accessorify
[09:14:24] [main/WARN]: Error loading class: com/chaosthedude/notes/gui/EditNoteScreen (java.lang.ClassNotFoundException: com.chaosthedude.notes.gui.EditNoteScreen)
[09:14:24] [main/WARN]: @Mixin target com.chaosthedude.notes.gui.EditNoteScreen was not found accessorify.mixins.json:compat.notes.EditNoteScreenMixin from mod accessorify
[09:14:24] [main/WARN]: Error loading class: com/refinedmods/refinedstorage/block/shape/ShapeCache (java.lang.ClassNotFoundException: com.refinedmods.refinedstorage.block.shape.ShapeCache)
[09:14:24] [main/WARN]: Error loading class: com/portingdeadmods/cable_facades/events/GameClientEvents$2 (java.lang.ClassNotFoundException: com.portingdeadmods.cable_facades.events.GameClientEvents$2)
[09:14:24] [main/WARN]: Error loading class: com/direwolf20/justdirethings/client/renderers/OurRenderTypes (java.lang.ClassNotFoundException: com.direwolf20.justdirethings.client.renderers.OurRenderTypes)
[09:14:24] [main/WARN]: Error loading class: blusunrize/immersiveengineering/client/utils/IEGLShaders (java.lang.ClassNotFoundException: blusunrize.immersiveengineering.client.utils.IEGLShaders)
[09:14:24] [main/WARN]: Error loading class: org/embeddedt/embeddium/impl/render/chunk/compile/pipeline/FluidRenderer (java.lang.ClassNotFoundException: org.embeddedt.embeddium.impl.render.chunk.compile.pipeline.FluidRenderer)
[09:14:24] [main/WARN]: Error loading class: net/raphimc/immediatelyfast/feature/map_atlas_generation/MapAtlasTexture (java.lang.ClassNotFoundException: net.raphimc.immediatelyfast.feature.map_atlas_generation.MapAtlasTexture)
[09:14:24] [main/WARN]: Error loading class: traben/entity_model_features/models/parts/EMFModelPartCustom (java.lang.ClassNotFoundException: traben.entity_model_features.models.parts.EMFModelPartCustom)
[09:14:24] [main/WARN]: Error loading class: net/minecraft/client/gui/components/MultilineTextField/StringView (java.lang.ClassNotFoundException: net.minecraft.client.gui.components.MultilineTextField.StringView)
[09:14:24] [main/WARN]: @Mixin target net.minecraft.client.gui.components.MultilineTextField.StringView was not found chatnotify.mixins.json:accessor.StringViewAccessor from mod chatnotify
[09:14:25] [main/INFO]: Replaced 1 calls to Enchantment#getMaxLevel() in net/minecraft/world/item/enchantment/Enchantment
[09:14:25] [main/INFO]: Replaced 1 calls to Enchantment#getMaxLevel() in net/minecraft/world/entity/npc/VillagerTrades$EnchantBookForEmeralds
[09:14:25] [main/WARN]: Error loading class: juuxel/adorn/block/variant/BlockVariantSets (java.lang.ClassNotFoundException: juuxel.adorn.block.variant.BlockVariantSets)
[09:14:25] [main/WARN]: @Mixin target juuxel.adorn.block.variant.BlockVariantSets was not found mixins.cobblemon-common.json:invoker.AdornRegisterInvoker from mod cobblemon
[09:14:25] [main/INFO]: Replaced 1 calls to Enchantment#getMaxLevel() in net/minecraft/world/item/enchantment/EnchantmentHelper
[09:14:25] [main/INFO]: Replaced 2 calls to Enchantment#getMaxLevel() in net/minecraft/world/inventory/AnvilMenu
[09:14:25] [main/WARN]: Error loading class: org/violetmoon/quark/content/tweaks/module/GoldToolsHaveFortuneModule (java.lang.ClassNotFoundException: org.violetmoon.quark.content.tweaks.module.GoldToolsHaveFortuneModule)
[09:14:25] [main/WARN]: Force-disabling mixin 'features.render.world.sky.ClientLevelMixin' as rule 'mixin.features.render.world.sky' (added by mods [iris]) disables it and children
[09:14:25] [main/WARN]: Force-disabling mixin 'features.render.world.sky.FogRendererMixin' as rule 'mixin.features.render.world.sky' (added by mods [iris]) disables it and children
[09:14:25] [main/WARN]: Force-disabling mixin 'features.render.world.sky.LevelRendererMixin' as rule 'mixin.features.render.world.sky' (added by mods [iris]) disables it and children
[09:14:25] [main/INFO]: Class dev.uncandango.alltheleaks.leaks.common.mods.supplementaries.UntrackedIssue002 will be loaded as it matches versions: 1.21.1-3.8.5 in [1.21-3.5.0,)
[09:14:25] [main/INFO]: Class dev.uncandango.alltheleaks.leaks.common.mods.rctapi.UntrackedIssue001 will be loaded as it matches versions: 0.15.2-beta in [0.14.5-beta,)
[09:14:25] [main/INFO]: Class dev.uncandango.alltheleaks.leaks.common.mods.octolib.UntrackedIssue001 will be loaded as it matches versions: 0.6.2 in [0.5.0.1,)
[09:14:25] [main/INFO]: Mixins added to allowed list: [main.OctoRenderManagerMixin]
[09:14:25] [main/INFO]: Class dev.uncandango.alltheleaks.leaks.common.mods.neoforge.Issue1486 will be loaded as it matches versions: 21.1.241 in [21.,)
[09:14:25] [main/INFO]: Class dev.uncandango.alltheleaks.leaks.common.mods.minecraft.UntrackedIssue003 will be loaded as it matches versions: 1.21.1 in [1.21.1,1.21.1]
[09:14:25] [main/INFO]: Mixins added to allowed list: [main.DebugSampleSubscriptionTrackerMixin]
[09:14:25] [main/INFO]: Class dev.uncandango.alltheleaks.leaks.common.mods.minecraft.UntrackedIssue002 will be loaded as it matches versions: 1.21.1 in 1.21.1
[09:14:25] [main/INFO]: Class dev.uncandango.alltheleaks.leaks.common.mods.minecraft.UntrackedIssue001 will be loaded as it matches versions: 1.21.1 in 1.21.1
[09:14:25] [main/INFO]: Mixins added to allowed list: [main.EntityTickListMixin]
[09:14:25] [main/INFO]: Class dev.uncandango.alltheleaks.leaks.common.mods.industrialforegoing.UntrackedIssue001 will be loaded as it matches versions: 1.21-3.6.38 in [1.21-3.6.33,)
[09:14:25] [main/INFO]: Class dev.uncandango.alltheleaks.leaks.common.mods.geckolib.UntrackedIssue001 will be loaded as it matches versions: 4.9.2 in *
[09:14:25] [main/INFO]: Mixins added to allowed list: [main.SingletonGeoAnimatableMixin]
[09:14:25] [main/INFO]: Class dev.uncandango.alltheleaks.leaks.common.mods.curios.Issue22 will be loaded as it matches versions: 9.5.1+1.21.1 in [9.0.6,)
[09:14:25] [main/INFO]: Mixins added to allowed list: [main.CuriosEventHandlerMixin]
[09:14:25] [main/INFO]: Class dev.uncandango.alltheleaks.leaks.common.mods.cclayer.UntrackedIssue001 will be loaded as it matches versions: 0.1.12 in [0.beta.6,)
[09:14:25] [main/INFO]: Mixins added to allowed list: [main.DeathWrapperEventsImplMixin]
[09:14:25] [main/INFO]: Class dev.uncandango.alltheleaks.leaks.common.mods.accessories_compat_layer.UntrackedIssue001 will be loaded as it matches versions: 0.1.12 in [0.1.10,)
[09:14:25] [main/INFO]: Mixins added to allowed list: [main.DeathWrapperEventsImplMixin2]
[09:14:25] [main/INFO]: Class dev.uncandango.alltheleaks.leaks.client.mods.sophisticatedcore.UntrackedIssue001 will be loaded as it matches versions: 1.4.80 in [0.6.23,)
[09:14:25] [main/INFO]: Class dev.uncandango.alltheleaks.leaks.client.mods.relics.UntrackedIssue001 will be loaded as it matches versions: 0.10.7.8 in [0.10.4,)
[09:14:25] [main/INFO]: Class dev.uncandango.alltheleaks.leaks.client.mods.minecraft.UntrackedIssue001 will be loaded as it matches versions: 1.21.1 in 1.21.1
[09:14:25] [main/INFO]: Mixins added to allowed list: [main.MinecraftMixin]
[09:14:25] [main/INFO]: Class dev.uncandango.alltheleaks.leaks.client.mods.mekanism.UntrackedIssue002 will be loaded as it matches versions: 10.7.19 in [10.7.0.55,)
[09:14:25] [main/INFO]: Mixins added to allowed list: [main.LazyItemRendererMixin]
[09:14:25] [main/INFO]: Class dev.uncandango.alltheleaks.leaks.client.mods.mekanism.UntrackedIssue001 will be loaded as it matches versions: 10.7.19 in [10.7.8,)
[09:14:25] [main/INFO]: Class dev.uncandango.alltheleaks.leaks.client.mods.justenoughprofessions.UntrackedIssue001 will be loaded as it matches versions: 4.0.5 in [4.0.3,)
[09:14:25] [main/INFO]: Class dev.uncandango.alltheleaks.leaks.client.mods.journeymap.UntrackedIssue003 will be loaded as it matches versions: 1.21.1-6.0.2 in [1.21.1-6.0.0-beta.28,)
[09:14:25] [main/INFO]: Class dev.uncandango.alltheleaks.leaks.client.mods.jade.UntrackedIssue001 will be loaded as it matches versions: 15.10.5+neoforge in [15.1.8,)
[09:14:25] [main/INFO]: Class dev.uncandango.alltheleaks.leaks.client.mods.iceberg.UntrackedIssue001 will be loaded as it matches versions: 1.3.2 in [1.2.8,)
[09:14:25] [main/INFO]: Mixins added to allowed list: [main.accessor.CustomItemRendererAccessor]
[09:14:25] [main/INFO]: Class dev.uncandango.alltheleaks.leaks.client.mods.iceberg.Issue76 will be loaded as it matches versions: 1.3.2 in [1.2.8,)
[09:14:25] [main/INFO]: Class dev.uncandango.alltheleaks.leaks.client.mods.ftblibrary.UntrackedIssue001 will be loaded as it matches versions: 2101.1.34 in [2101.1.1,)
[09:14:25] [main/INFO]: Mixins added to allowed list: [main.accessor.BaseScreenAccessor]
[09:14:25] [main/INFO]: Class dev.uncandango.alltheleaks.leaks.client.mods.ftbchunks.UntrackedIssue001 will be loaded as it matches versions: 2101.1.21 in *
[09:14:25] [main/INFO]: Class dev.uncandango.alltheleaks.leaks.client.mods.buildinggadgets2.UntrackedIssue001 will be loaded as it matches versions: 1.3.9 in [1.3.7,)
[09:14:25] [main/INFO]: Class dev.uncandango.alltheleaks.leaks.client.mods.ars_nouveau.UntrackedIssue002 will be loaded as it matches versions: 5.13.0 in [5.8.2,)
[09:14:25] [main/INFO]: Class dev.uncandango.alltheleaks.leaks.client.mods.ars_nouveau.UntrackedIssue001 will be loaded as it matches versions: 5.13.0 in [5.0.12,)
[09:14:25] [main/INFO]: Class dev.uncandango.alltheleaks.fix.client.mods.patchouli.FixModifyItemStack will be loaded as it matches versions: 1.21.1-93-NEOFORGE in *
[09:14:25] [main/INFO]: Mixins added to allowed list: [main.GuiBookEntryMixin]
[09:14:25] [main/INFO]: Class dev.uncandango.alltheleaks.fix.client.mods.jei.FixCopyItemStack will be loaded as it matches versions: 19.43.0.393 in [19.19.6.235,)
[09:14:25] [main/INFO]: Mixins added to allowed list: [main.SmithingCategoryExtensionMixin]
[09:14:25] [main/INFO]: Class dev.uncandango.alltheleaks.fix.client.mods.guideme.FixIngredient will be loaded as it matches versions: 21.1.17 in *
[09:14:25] [main/INFO]: Mixins added to allowed list: [main.LytSlotMixin]
[09:14:25] [main/INFO]: Class dev.uncandango.alltheleaks.feature.common.mods.minecraft.SaveWithLoadedChunks will be loaded as it matches versions: 1.21.1 in 1.21.1
[09:14:25] [main/INFO]: Class dev.uncandango.alltheleaks.feature.common.mods.minecraft.MemoryMonitor will be loaded as it matches versions: 1.21.1 in 1.21.1
[09:14:25] [main/INFO]: Mixins added to allowed list: [main.PlayerMixin, main.ChunkAccessMixin, main.LevelMixin, main.MinecraftServerMixin]
[09:14:25] [main/INFO]: Class dev.uncandango.alltheleaks.diag.common.mods.minecraft.LogSavedData will be loaded as it matches versions: 21.1.241 in [21.1,)
[09:14:25] [main/INFO]: Mixins added to allowed list: [main.SavedDataMixin]
[09:14:25] [main/WARN]: Error loading class: io/wispforest/cclayer/DeathWrapperEventsImpl (java.lang.ClassNotFoundException: io.wispforest.cclayer.DeathWrapperEventsImpl)
[09:14:25] [main/WARN]: @Mixin target io.wispforest.cclayer.DeathWrapperEventsImpl was not found alltheleaks.mixins.json:main.DeathWrapperEventsImplMixin from mod alltheleaks
[09:14:25] [main/WARN]: Error loading class: it/hurts/octostudios/octolib/modules/particles/OctoRenderManager (java.lang.ClassNotFoundException: it.hurts.octostudios.octolib.modules.particles.OctoRenderManager)
[09:14:25] [main/WARN]: @Mixin target it.hurts.octostudios.octolib.modules.particles.OctoRenderManager was not found alltheleaks.mixins.json:main.OctoRenderManagerMixin from mod alltheleaks
[09:14:25] [main/WARN]: Error loading class: net/caffeinemc/mods/sodium/client/gui/SodiumGameOptionPages (java.lang.ClassNotFoundException: net.caffeinemc.mods.sodium.client.gui.SodiumGameOptionPages)
[09:14:25] [main/WARN]: @Mixin target net.caffeinemc.mods.sodium.client.gui.SodiumGameOptionPages was not found neoforge-betterbiomeblend-common.mixins.json:sodium.MixinSodiumGameOptionPages from mod betterbiomereblend
[09:14:25] [main/WARN]: Error loading class: me/jellysquid/mods/lithium/common/ai/pathing/PathNodeDefaults (java.lang.ClassNotFoundException: me.jellysquid.mods.lithium.common.ai.pathing.PathNodeDefaults)
[09:14:25] [main/INFO]: Replaced 2 calls to Enchantment#getMaxLevel() in net/minecraft/world/item/CreativeModeTabs
[09:14:25] [main/WARN]: Error loading class: io/socol/betterthirdperson/api/CustomCamera (java.lang.ClassNotFoundException: io.socol.betterthirdperson.api.CustomCamera)
[09:14:25] [main/WARN]: @Mixin target io.socol.betterthirdperson.api.CustomCamera was not found conflict_fix.mixins.json:MixinBetterThirdPerson from mod create_hypertube
[09:14:25] [main/WARN]: Error loading class: net/fabricmc/fabric/impl/client/indigo/renderer/aocalc/AoCalculator (java.lang.ClassNotFoundException: net.fabricmc.fabric.impl.client.indigo.renderer.aocalc.AoCalculator)
[09:14:26] [main/WARN]: Error loading class: dev/emi/emi/screen/RecipeScreen (java.lang.ClassNotFoundException: dev.emi.emi.screen.RecipeScreen)
[09:14:26] [main/WARN]: @Mixin target dev.emi.emi.screen.RecipeScreen was not found ali.emi.mixins.json:MixinRecipeScreen from mod ali
[09:14:26] [main/WARN]: Error loading class: traben/entity_model_features/models/parts/EMFModelPart (java.lang.ClassNotFoundException: traben.entity_model_features.models.parts.EMFModelPart)
[09:14:26] [main/WARN]: Error loading class: org/violetmoon/quark/content/tweaks/module/GoldToolsHaveFortuneModule (java.lang.ClassNotFoundException: org.violetmoon.quark.content.tweaks.module.GoldToolsHaveFortuneModule)
[09:14:26] [main/WARN]: Error loading class: vazkii/quark/addons/oddities/inventory/BackpackMenu (java.lang.ClassNotFoundException: vazkii.quark.addons.oddities.inventory.BackpackMenu)
[09:14:26] [main/INFO]: Patching FishingHook#catchingFish
[09:14:26] [main/WARN]: Error loading class: it/hurts/octostudios/octolib/modules/particles/OctoRenderManager (java.lang.ClassNotFoundException: it.hurts.octostudios.octolib.modules.particles.OctoRenderManager)
[09:14:26] [main/WARN]: Error loading class: it/hurts/octostudios/octolib/modules/particles/OctoRenderManager (java.lang.ClassNotFoundException: it.hurts.octostudios.octolib.modules.particles.OctoRenderManager)
[09:14:26] [main/WARN]: Error loading class: org/jetbrains/annotations/ApiStatus$Internal (java.lang.ClassNotFoundException: org.jetbrains.annotations.ApiStatus$Internal)
[09:14:26] [main/WARN]: Error loading class: org/jetbrains/annotations/ApiStatus$ScheduledForRemoval (java.lang.ClassNotFoundException: org.jetbrains.annotations.ApiStatus$ScheduledForRemoval)
[09:14:26] [main/WARN]: Error loading class: org/jetbrains/annotations/ApiStatus$Internal (java.lang.ClassNotFoundException: org.jetbrains.annotations.ApiStatus$Internal)
[09:14:26] [main/INFO]: Initializing MixinExtras via com.llamalad7.mixinextras.service.MixinExtrasServiceImpl(version=0.5.3).
[05Aug2026 09:14:27.504] [main/WARN] [mixin/]: Static binding violation: PRIVATE @Overwrite method decoratedId in modernfix-modernfix.mixins.json:perf.tag_id_caching.TagOrElementLocationMixin from mod modernfix cannot reduce visibiliy of PUBLIC target method, visibility will be upgraded.
[05Aug2026 09:14:28.015] [main/WARN] [mixinsquared-canceller/]: Cancelled mixin top.theillusivec4.curios.mixin.core.MixinLivingEntity. Check debug logs for more information.
[05Aug2026 09:14:28.868] [Datafixer Bootstrap/INFO] [com.mojang.datafixers.DataFixerBuilder/]: 229 Datafixer optimizations took 205 milliseconds
[05Aug2026 09:14:28.965] [main/WARN] [oshi.driver.windows.perfmon.PerfmonDisabled/]: Invalid registry value type detected for PerfOS counters. Should be REG_DWORD. Ignoring: HKEY_LOCAL_MACHINE\SYSTEM\CurrentControlSet\Services\PerfOS\Performance\Disable Performance Counters.
[05Aug2026 09:14:29.352] [main/WARN] [mixin/]: Method overwrite conflict for stopRiding in sable.mixins.json:entity.entity_rotations_and_riding.LocalPlayerMixin from mod sable, previously written by com.cobblemon.mod.common.mixin.client.LocalPlayerMixin. Skipping method.
[05Aug2026 09:14:29.605] [pool-18-thread-1/INFO] [net.minecraft.server.Bootstrap/]: ModernFix reached bootstrap stage (16.11 s after launch)
[05Aug2026 09:14:29.728] [pool-18-thread-1/INFO] [net.neoforged.coremod.CoreMod.apothic_enchanting/COREMODLOG]: Replaced 2 calls to Enchantment#getMaxLevel() in net/minecraft/world/item/CreativeModeTabs
[05Aug2026 09:14:30.392] [pool-18-thread-1/WARN] [mixinsquared-canceller/]: Cancelled mixin top.theillusivec4.curios.mixin.core.MixinPowderSnowBlock. Check debug logs for more information.
[05Aug2026 09:14:30.879] [pool-18-thread-1/WARN] [mixin/]: Static binding violation: PRIVATE @Overwrite method getTemperature in modernfix-modernfix.mixins.json:perf.remove_biome_temperature_cache.BiomeMixin from mod modernfix cannot reduce visibiliy of PUBLIC target method, visibility will be upgraded.
[05Aug2026 09:14:30.947] [pool-18-thread-1/INFO] [net.neoforged.coremod.CoreMod.apothic_enchanting/COREMODLOG]: Replaced 2 calls to Enchantment#getMaxLevel() in net/minecraft/world/inventory/AnvilMenu
[05Aug2026 09:14:31.554] [pool-18-thread-1/INFO] [net.neoforged.coremod.CoreMod.apothic_enchanting/COREMODLOG]: Replaced 1 calls to Enchantment#getMaxLevel() in net/minecraft/world/item/enchantment/Enchantment
[05Aug2026 09:14:31.707] [pool-18-thread-1/WARN] [mixin/]: Method overwrite conflict for scheduleRandomTick in corgilib-common.mixins.json:chunk.MixinChunkAccess from mod corgilib, previously written by dev.corgitaco.ohthetreesyoullgrow.mixin.chunk.MixinChunkAccess. Skipping method.
[05Aug2026 09:14:31.708] [pool-18-thread-1/WARN] [mixin/]: Method overwrite conflict for getScheduledRandomTicks in corgilib-common.mixins.json:chunk.MixinChunkAccess from mod corgilib, previously written by dev.corgitaco.ohthetreesyoullgrow.mixin.chunk.MixinChunkAccess. Skipping method.
[05Aug2026 09:14:32.413] [pool-18-thread-1/INFO] [net.neoforged.coremod.CoreMod.apothic_enchanting/COREMODLOG]: Patching FishingHook#catchingFish
[05Aug2026 09:14:32.631] [pool-18-thread-1/WARN] [mixinsquared-canceller/]: Cancelled mixin top.theillusivec4.curios.mixin.core.MixinInventory. Check debug logs for more information.
[05Aug2026 09:14:32.749] [pool-18-thread-1/INFO] [net.neoforged.coremod.CoreMod.apothic_enchanting/COREMODLOG]: Replaced 1 calls to Enchantment#getMaxLevel() in net/minecraft/world/level/storage/loot/functions/EnchantRandomlyFunction
[05Aug2026 09:14:32.754] [pool-18-thread-1/WARN] [mixinsquared-canceller/]: Cancelled mixin top.theillusivec4.curios.mixin.core.MixinEnchantedCountIncreaseFunction. Check debug logs for more information.
[05Aug2026 09:14:32.798] [pool-18-thread-1/WARN] [mixinsquared-canceller/]: Cancelled mixin top.theillusivec4.curios.mixin.core.MixinApplyBonusCount. Check debug logs for more information.
[05Aug2026 09:14:33.319] [pool-18-thread-1/INFO] [net.neoforged.coremod.CoreMod.apothic_enchanting/COREMODLOG]: Replaced 1 calls to Enchantment#getMaxLevel() in net/minecraft/world/item/enchantment/providers/SingleEnchantment
[05Aug2026 09:14:33.320] [pool-18-thread-1/INFO] [dev.yumi.mc.core.impl.YumiFoundationMod/]: Initializing mods (entrypoint yumi:init)...
[05Aug2026 09:14:33.387] [pool-18-thread-1/INFO] [net.minecraft.server.Bootstrap/]: Vanilla bootstrap took 3766 milliseconds
[05Aug2026 09:14:33.821] [main/INFO] [net.minecraft.client.main.Main/]: Completely ignored arguments: [, , ]
[05Aug2026 09:14:33.911] [Render thread/WARN] [net.minecraft.server.packs.VanillaPackResourcesBuilder/]: Assets URL 'union:/C:/Users/vince/curseforge/minecraft/Install/libraries/net/minecraft/client/1.21.1-20240808.144430/client-1.21.1-20240808.144430-srg.jar%23507!/assets/.mcassetsroot' uses unexpected schema
[05Aug2026 09:14:33.911] [Render thread/WARN] [net.minecraft.server.packs.VanillaPackResourcesBuilder/]: Assets URL 'union:/C:/Users/vince/curseforge/minecraft/Install/libraries/net/minecraft/client/1.21.1-20240808.144430/client-1.21.1-20240808.144430-srg.jar%23507!/data/.mcassetsroot' uses unexpected schema
[05Aug2026 09:14:33.942] [Render thread/INFO] [com.mojang.authlib.yggdrasil.YggdrasilAuthenticationService/]: Environment: Environment[sessionHost=https://sessionserver.mojang.com, servicesHost=https://api.minecraftservices.com, name=PROD]
[05Aug2026 09:14:33.952] [Render thread/INFO] [net.minecraft.client.Minecraft/]: Setting user: SethOffiiciel
[05Aug2026 09:14:34.024] [Render thread/WARN] [mixin/]: @ModifyConstant conflict. Skipping northstar.mixins.json:gravity.ParticleGravityMixin from mod northstar->@ModifyConstant::northstar$modifyInitialVelocity(D)D with priority 1000, already redirected by sable.mixins.json:particle.ParticleMixin from mod sable->@ModifyConstant::sable$removeUpwardsVelocity(D)D with priority 1000
[05Aug2026 09:14:34.028] [Render thread/INFO] [LambDynamicLights/]: [LambDynLights] Initializing LambDynamicLights...
[05Aug2026 09:14:34.056] [Render thread/INFO] [LambDynamicLights|Config/]: [LambDynLights] Configuration loaded.
[05Aug2026 09:14:34.129] [Render thread/INFO] [com.cobblemon.mod.common.Cobblemon/]: Booting LaxPermissionValidator, permissions will be checked using Minecrafts permission level system, see https://minecraft.fandom.com/wiki/Permission_level
[05Aug2026 09:14:34.137] [Render thread/INFO] [com.cobblemon.mod.common.Cobblemon/]: Lamb Dynamic Lights compatibility enabled
[05Aug2026 09:14:34.230] [Render thread/INFO] [mixin/]: BeforeConstant is searching for constants in method with descriptor (Lnet/minecraft/client/GuiMessage;)V
[05Aug2026 09:14:34.230] [Render thread/INFO] [mixin/]:   BeforeConstant found STRING constant: value = , stringValue = null
[05Aug2026 09:14:34.230] [Render thread/INFO] [mixin/]:     BeforeConstant found a matching constant TYPE at ordinal 0
[05Aug2026 09:14:34.230] [Render thread/INFO] [mixin/]:       BeforeConstant found LdcInsn 
[05Aug2026 09:14:34.230] [Render thread/INFO] [mixin/]:   BeforeConstant found STRING constant: value = \\r, stringValue = null
[05Aug2026 09:14:34.230] [Render thread/INFO] [mixin/]:     BeforeConstant found a matching constant TYPE at ordinal 1
[05Aug2026 09:14:34.230] [Render thread/INFO] [mixin/]:       BeforeConstant found LdcInsn \\r
[05Aug2026 09:14:34.230] [Render thread/INFO] [mixin/]:   BeforeConstant found STRING constant: value = 
, stringValue = null
[05Aug2026 09:14:34.230] [Render thread/INFO] [mixin/]:     BeforeConstant found a matching constant TYPE at ordinal 2
[05Aug2026 09:14:34.231] [Render thread/INFO] [mixin/]:       BeforeConstant found LdcInsn 

[05Aug2026 09:14:34.231] [Render thread/INFO] [mixin/]:   BeforeConstant found STRING constant: value = \\n, stringValue = null
[05Aug2026 09:14:34.231] [Render thread/INFO] [mixin/]:     BeforeConstant found a matching constant TYPE at ordinal 3
[05Aug2026 09:14:34.231] [Render thread/INFO] [mixin/]:       BeforeConstant found LdcInsn \\n
[05Aug2026 09:14:34.231] [Render thread/INFO] [mixin/]:   BeforeConstant found CLASS constant: value = Ljava/lang/String;, typeValue = null
[05Aug2026 09:14:34.231] [Render thread/INFO] [mixin/]:   BeforeConstant found STRING constant: value = [{}] [CHAT] {}, stringValue = null
[05Aug2026 09:14:34.231] [Render thread/INFO] [mixin/]:     BeforeConstant found a matching constant TYPE at ordinal 4
[05Aug2026 09:14:34.231] [Render thread/INFO] [mixin/]:       BeforeConstant found LdcInsn [{}] [CHAT] {}
[05Aug2026 09:14:34.231] [Render thread/INFO] [mixin/]:   BeforeConstant found STRING constant: value = [CHAT] {}, stringValue = null
[05Aug2026 09:14:34.231] [Render thread/INFO] [mixin/]:     BeforeConstant found a matching constant TYPE at ordinal 5
[05Aug2026 09:14:34.231] [Render thread/INFO] [mixin/]:       BeforeConstant found LdcInsn [CHAT] {}
[05Aug2026 09:14:34.317] [Render thread/INFO] [net.minecraft.client.Minecraft/]: Backend library: LWJGL version 3.3.3+5
[05Aug2026 09:14:34.466] [Render thread/INFO] [com.mojang.blaze3d.platform.Window/]: OpenGL Vendor: ATI Technologies Inc.
[05Aug2026 09:14:34.467] [Render thread/INFO] [com.mojang.blaze3d.platform.Window/]: OpenGL Renderer: AMD Radeon RX 6900 XT
[05Aug2026 09:14:34.467] [Render thread/INFO] [com.mojang.blaze3d.platform.Window/]: OpenGL Version: 4.6.0 Compatibility Profile Context 26.7.1.260713
[05Aug2026 09:14:34.491] [Render thread/WARN] [Sodium-Win32ModuleChecks/]: RivaTuner Statistics Server (RTSS) has injected into the process! Attempting to apply workarounds for compatibility...
[05Aug2026 09:14:34.491] [Render thread/INFO] [Sodium-Win32ModuleChecks/]: Searching directory: C:\Program Files (x86)\RivaTuner Statistics Server
[05Aug2026 09:14:34.491] [Render thread/INFO] [Sodium-Win32ModuleChecks/]: Parsing file: C:\Program Files (x86)\RivaTuner Statistics Server\RTSS.exe
[05Aug2026 09:14:34.549] [Render thread/INFO] [Sodium-Win32ModuleChecks/]: Detected RivaTuner Statistics Server version: 7.3.5.28314
[05Aug2026 09:14:34.626] [ForkJoinPool.commonPool-worker-4/WARN] [Iris/]: [Iris Update Check] This version doesn't have an update index, skipping.
[05Aug2026 09:14:34.691] [Render thread/INFO] [Iris/]: Debug functionality is disabled.
[05Aug2026 09:14:34.693] [Render thread/INFO] [Iris/]: OpenGL 4.5 detected, enabling DSA.
[05Aug2026 09:14:34.905] [Render thread/INFO] [Iris/]: Profile: VERYLOW (+8 options changed by user)
[05Aug2026 09:14:35.429] [Render thread/INFO] [Iris/]: Using shaderpack: ComplementaryUnbound_r5.8.1.zip
[05Aug2026 09:14:35.769] [modloading-worker-0/INFO] [Veil/]: Veil is initializing.
[05Aug2026 09:14:35.771] [modloading-worker-0/INFO] [de.keksuccino.modernworldcreation.ModernWorldCreation/]: [MODERN WORLD CREATION] Starting version 2.0.0 on NeoForge..
[05Aug2026 09:14:35.773] [modloading-worker-0/INFO] [com.github.zgraund.createreautomated.CreateReAutomated/]: Create ReAutomated Starting up!
[05Aug2026 09:14:35.813] [modloading-worker-0/INFO] [net.neoforged.neoforge.common.NeoForgeMod/NEOFORGE-MOD]: NeoForge mod loading, version 21.1.241, for MC 1.21.1
[05Aug2026 09:14:36.156] [modloading-worker-0/INFO] [PluginManager/]: Scanning classes for industrialforegoing
[05Aug2026 09:14:36.157] [modloading-worker-0/INFO] [dev.wuffs.bcc.BetterCompatibilityChecker/]: Better Compatibility Checker starting
[05Aug2026 09:14:36.157] [modloading-worker-0/INFO] [dev.wuffs.bcc.neoforge.BetterCompatibilityCheckerNeoForge/]: Better Compatibility Checker starting
[05Aug2026 09:14:36.169] [modloading-worker-0/INFO] [Torchmaster/]: Initializing Torchmaster for platform NeoForge
[05Aug2026 09:14:36.169] [modloading-worker-0/INFO] [Torchmaster/]: Debug Logging Enabled: false
[05Aug2026 09:14:36.170] [modloading-worker-0/INFO] [PluginManager/]: Found FeaturePluginInstance for class FTBChunksPlugin for plugin ftbchunks
[05Aug2026 09:14:36.170] [modloading-worker-0/INFO] [PluginManager/]: Found FeaturePluginInstance for class PatchouliPlugin for plugin patchouli
[05Aug2026 09:14:36.170] [modloading-worker-0/INFO] [PluginManager/]: Found FeaturePluginInstance for class CuriosPlugin for plugin curios
[05Aug2026 09:14:36.174] [modloading-worker-0/INFO] [PluginManager/]: Constructed class FTBChunksPlugin for plugin ftbchunks for mod industrialforegoing
[05Aug2026 09:14:36.174] [modloading-worker-0/INFO] [PluginManager/]: Constructed class PatchouliPlugin for plugin patchouli for mod industrialforegoing
[05Aug2026 09:14:36.175] [modloading-worker-0/INFO] [PluginManager/]: Constructed class CuriosPlugin for plugin curios for mod industrialforegoing
[05Aug2026 09:14:36.176] [modloading-worker-0/INFO] [PluginManager/]: Executing phase CONSTRUCTION for plugin class FTBChunksPlugin
[05Aug2026 09:14:36.180] [modloading-worker-0/INFO] [PluginManager/]: Executing phase CONSTRUCTION for plugin class PatchouliPlugin
[05Aug2026 09:14:36.196] [modloading-worker-0/INFO] [PluginManager/]: Executing phase CONSTRUCTION for plugin class CuriosPlugin
[05Aug2026 09:14:36.215] [modloading-worker-0/INFO] [PluginManager/]: Executing phase PRE_INIT for plugin class FTBChunksPlugin
[05Aug2026 09:14:36.215] [modloading-worker-0/INFO] [PluginManager/]: Executing phase PRE_INIT for plugin class PatchouliPlugin
[05Aug2026 09:14:36.215] [modloading-worker-0/INFO] [PluginManager/]: Executing phase PRE_INIT for plugin class CuriosPlugin
[05Aug2026 09:14:36.256] [modloading-worker-0/INFO] [com.pinkcats.torque.layer.neoforge.Torqueapi/]: TorqueAPI NeoForge 1.21.1 layer initialized
[05Aug2026 09:14:36.291] [modloading-worker-0/WARN] [mixin/]: Static binding violation: PRIVATE @Overwrite method elementOrTag in modernfix-modernfix.mixins.json:perf.tag_id_caching.TagEntryMixin from mod modernfix cannot reduce visibiliy of PUBLIC target method, visibility will be upgraded.
[05Aug2026 09:14:36.486] [modloading-worker-0/INFO] [Create: Trading Floor/]: Registering all Create: Trading Floor entries
[05Aug2026 09:14:36.492] [modloading-worker-0/INFO] [Create: Trading Floor/]: Registering Particle Emitters for: Create: Trading Floor
[05Aug2026 09:14:36.493] [modloading-worker-0/INFO] [Create: Trading Floor/]: Registering Particle Emitters for: Create: Trading Floor
[05Aug2026 09:14:36.501] [modloading-worker-0/INFO] [Create: Trading Floor/]: Finished Initialisation For Mod: trading_floor
[05Aug2026 09:14:36.712] [modloading-worker-0/INFO] [PluginManager/]: Executing phase INIT for plugin class FTBChunksPlugin
[05Aug2026 09:14:36.712] [modloading-worker-0/INFO] [PluginManager/]: Executing phase INIT for plugin class PatchouliPlugin
[05Aug2026 09:14:36.712] [modloading-worker-0/INFO] [PluginManager/]: Executing phase INIT for plugin class CuriosPlugin
[05Aug2026 09:14:36.825] [modloading-worker-0/INFO] [PluginManager/]: Executing phase POST_INIT for plugin class FTBChunksPlugin
[05Aug2026 09:14:36.825] [modloading-worker-0/INFO] [PluginManager/]: Executing phase POST_INIT for plugin class PatchouliPlugin
[05Aug2026 09:14:36.825] [modloading-worker-0/INFO] [PluginManager/]: Executing phase POST_INIT for plugin class CuriosPlugin
[05Aug2026 09:14:37.026] [modloading-worker-0/INFO] [accessories_compat_layer/]: Setting up compat modules for Accessories!
[05Aug2026 09:14:37.198] [modloading-worker-0/INFO] [com.cobblemon.mod.common.Cobblemon/]: Launching Cobblemon 1.7.3 
[05Aug2026 09:14:37.205] [modloading-worker-0/INFO] [com.cobblemon.mod.common.Cobblemon/]: Booting ForgePermissionApiPermissionValidator, player permissions will be checked using MinecraftForge' PermissionAPI, non player command sources will use Minecraft' permission level system, see https://docs.minecraftforge.net/en/latest/ and https://minecraft.fandom.com/wiki/Permission_level
[05Aug2026 09:14:37.247] [modloading-worker-0/INFO] [ludichat.cobbreeding.Cobbreeding/]: Registering items
[05Aug2026 09:14:37.303] [modloading-worker-0/INFO] [ludichat.cobbreeding.Cobbreeding/]: Registering data components
[05Aug2026 09:14:37.323] [modloading-worker-0/INFO] [net.blay09.mods.balm.neoforge.config.NeoForgeBalmConfig/]: Registering config for farmingforblockheads:common (COMMON) with 10 properties.
[05Aug2026 09:14:37.358] [modloading-worker-0/INFO] [ludichat.cobbreeding.Cobbreeding/]: Cobblemon Size Variations compatibility enabled
[05Aug2026 09:14:37.398] [modloading-worker-0/INFO] [com.cobblemon.mod.common.Cobblemon/]: Note: Cobblemon data registries are only loaded once per server instance as Pokémon species are not safe to reload.
[05Aug2026 09:14:37.398] [modloading-worker-0/INFO] [com.cobblemon.mod.common.Cobblemon/]: Registered the cobblenav:biome_platforms registry
[05Aug2026 09:14:37.420] [modloading-worker-0/WARN] [patchouli/]: Could not locate JEI keybindings, lookups in books may not work
[05Aug2026 09:14:37.445] [modloading-worker-0/WARN] [Supplementaries/]: Dye color white produced diffuse color -1 (white), this should never happen
[05Aug2026 09:14:37.467] [modloading-worker-0/INFO] [cobblenav/]: Registering cobblenav data store types!
[05Aug2026 09:14:37.561] [modloading-worker-0/INFO] [de.keksuccino.drippyloadingscreen.DrippyLoadingScreen/]: [DRIPPY LOADING SCREEN] Loading v3.1.5 in client-side mode on NEOFORGE!
[05Aug2026 09:14:37.963] [modloading-worker-0/INFO] [thedarkcolour.kotlinforforge.neoforge.test.KotlinForForge/]: Kotlin For Forge Enabled!
[05Aug2026 09:14:38.128] [modloading-worker-0/INFO] [disconnect-packet-fix/]: Disconnect Packet Fix has started.
[05Aug2026 09:14:38.145] [modloading-worker-0/INFO] [com.breakinblocks.neovitae.NeoVitae/]: Loaded 12 materials from config
[05Aug2026 09:14:38.157] [modloading-worker-0/INFO] [com.breakinblocks.neovitae.NeoVitae/]: Populated in-memory resource pack for 12 materials
[05Aug2026 09:14:38.228] [modloading-worker-0/INFO] [com.simibubi.create.Create/]: Create 6.0.10 initializing! Commit hash: ac0c444d9828da3453ae8cc65338e8de063286fb
[05Aug2026 09:14:38.273] [modloading-worker-0/INFO] [fzzy_config/]: Loaded config accessorify:config in 2312ms
[05Aug2026 09:14:38.603] [modloading-worker-0/INFO] [CodecUI/]: Codec construction mixins inactive (Codec, MapCodec, RecordCodecBuilder) - expected on NeoForge; using reflective schema inference (numeric ranges recovered, optional-field defaults not).
[05Aug2026 09:14:38.609] [modloading-worker-0/INFO] [xaero.hud.minimap.MinimapLogs/]: Xaero's Minimap: World Map found!
[05Aug2026 09:14:38.609] [modloading-worker-0/INFO] [xaero.hud.minimap.MinimapLogs/]: No Optifine!
[05Aug2026 09:14:38.609] [modloading-worker-0/INFO] [xaero.hud.minimap.MinimapLogs/]: Xaero's Minimap: No Vivecraft!
[05Aug2026 09:14:38.610] [modloading-worker-0/INFO] [xaero.hud.minimap.MinimapLogs/]: Xaero's Minimap: Iris found!
[05Aug2026 09:14:38.626] [modloading-worker-0/INFO] [xaero.hud.minimap.MinimapLogs/]: Xaero's Minimap: Waystones found!
[05Aug2026 09:14:38.633] [modloading-worker-0/INFO] [mezz.jei.library.load.PluginCaller/]: Sending ConfigManager...
[05Aug2026 09:14:38.647] [modloading-worker-0/INFO] [Leaderboards/]: Leaderboards registered (9 entries + 73 vanilla stats)
[05Aug2026 09:14:38.655] [modloading-worker-0/INFO] [mezz.jei.library.load.PluginCaller/]: Sending ConfigManager took 21.80 milliseconds
[05Aug2026 09:14:38.711] [modloading-worker-0/INFO] [com.cake.drill_drain.CreateDrillDrain/]: Registering all Create: Drill Drain entries
[05Aug2026 09:14:38.729] [modloading-worker-0/INFO] [fzzy_config/]: Loaded config accessorify:client_config in 36ms
[05Aug2026 09:14:38.838] [modloading-worker-0/INFO] [ore_distribution_scanner/]: ore_distribution_scanner loaded.
[05Aug2026 09:14:38.849] [modloading-worker-0/INFO] [com.leclowndu93150.corpsecurioscompat.Main/]: Hello from Gravestone Curios Compat!
[05Aug2026 09:14:38.884] [modloading-worker-0/WARN] [mixin/]: @Inject(@At("INVOKE")) Shift.BY=2 on create_connected.mixins.json:sequencedgearshift.SequencedGearshiftScreenMixin from mod create_connected::handler$ffo000$create_connected$updateParamsOfRow exceeds the maximum allowed value: 0. Increase the value of maxShiftBy to suppress this warning.
[05Aug2026 09:14:38.886] [modloading-worker-0/INFO] [Create: Numismatics/]: Create: Numismatics 1.0.19integration+neoforge-mc1.21.1-local initializing! Create version: 6.0.10 on platform: NEOFORGE
[05Aug2026 09:14:38.888] [modloading-worker-0/INFO] [Create: Numismatics/]: Registering creative tabs for Create: Numismatics
[05Aug2026 09:14:38.903] [modloading-worker-0/INFO] [xaero.common.HudMod/]: Registering common data for channel xaerominimap:main!
[05Aug2026 09:14:38.924] [modloading-worker-0/INFO] [Berry Pouch/]: Registered Data Components for berrypouch
[05Aug2026 09:14:38.928] [modloading-worker-0/INFO] [Create: Numismatics/]: Registering items for Create: Numismatics
[05Aug2026 09:14:39.016] [modloading-worker-0/INFO] [xaero.common.HudMod/]: Registering client data for channel xaerominimap:main!
[05Aug2026 09:14:39.040] [modloading-worker-0/WARN] [mixin/]: Method overwrite conflict for getHeadParts in journeymap.mixins.json:client.AgeableListModelInvoker from mod journeymap, previously written by com.nukateam.ntgl.mixin.ntgl.client.AgeableListModelAccessor. Skipping method.
[05Aug2026 09:14:39.040] [modloading-worker-0/WARN] [mixin/]: Method overwrite conflict for getBodyParts in journeymap.mixins.json:client.AgeableListModelInvoker from mod journeymap, previously written by com.nukateam.ntgl.mixin.ntgl.client.AgeableListModelAccessor. Skipping method.
[05Aug2026 09:14:39.054] [modloading-worker-0/INFO] [Create: Numismatics/]: Registering block entities for Create: Numismatics
[05Aug2026 09:14:39.054] [modloading-worker-0/INFO] [Create: Numismatics/]: Registering blocks for Create: Numismatics
[05Aug2026 09:14:39.090] [modloading-worker-0/INFO] [Create: Numismatics/]: Registering menu types for Create: Numismatics
[05Aug2026 09:14:39.093] [modloading-worker-0/INFO] [Create: Numismatics/]: Registering block tags for Create: Numismatics
[05Aug2026 09:14:39.093] [modloading-worker-0/INFO] [Create: Numismatics/]: Registering item tags for Create: Numismatics
[05Aug2026 09:14:39.098] [modloading-worker-0/INFO] [Create: Numismatics/]: Registering data components for Create: Numismatics
[05Aug2026 09:14:39.128] [modloading-worker-0/INFO] [xaero.common.HudMod/]: Loading primary common config for channel xaerominimap:main!
[05Aug2026 09:14:39.311] [modloading-worker-0/INFO] [com.cobblemon.mod.common.Cobblemon/]: Starting the Best Spawner...
[05Aug2026 09:14:39.322] [modloading-worker-0/INFO] [xaero.common.HudMod/]: Loading server config profiles for channel xaerominimap:main!
[05Aug2026 09:14:39.329] [modloading-worker-0/INFO] [de.keksuccino.melody.Melody/]: [MELODY] Loading v1.0.10 on NEOFORGE...
[05Aug2026 09:14:39.334] [modloading-worker-0/INFO] [xaero.common.HudMod/]: Loading primary client config for channel xaerominimap:main!
[05Aug2026 09:14:39.358] [modloading-worker-0/INFO] [xaero.common.HudMod/]: Loading client config profiles for channel xaerominimap:main!
[05Aug2026 09:14:39.380] [modloading-worker-0/INFO] [com.cobblemon.mod.common.Cobblemon/]: Loaded 7 spawning condition types.
[05Aug2026 09:14:39.524] [modloading-worker-0/INFO] [de.keksuccino.konkrete.Konkrete/]: [KONKRETE] Loading v1.9.9 in client-side mode on NEOFORGE!
[05Aug2026 09:14:39.524] [modloading-worker-0/INFO] [de.keksuccino.konkrete.Konkrete/]: ---------------------------
[05Aug2026 09:14:39.524] [modloading-worker-0/INFO] [de.keksuccino.konkrete.Konkrete/]: KONKRETE SHIPS AND USES THE FOLLOWING LIBRARIES:
[05Aug2026 09:14:39.524] [modloading-worker-0/INFO] [de.keksuccino.konkrete.Konkrete/]:  
[05Aug2026 09:14:39.524] [modloading-worker-0/INFO] [de.keksuccino.konkrete.Konkrete/]: Open Imaging Copyright © 2014 Dhyan Blum.
[05Aug2026 09:14:39.524] [modloading-worker-0/INFO] [de.keksuccino.konkrete.Konkrete/]: Open Imaging is licensed under Apache-2.0.
[05Aug2026 09:14:39.524] [modloading-worker-0/INFO] [de.keksuccino.konkrete.Konkrete/]:  
[05Aug2026 09:14:39.524] [modloading-worker-0/INFO] [de.keksuccino.konkrete.Konkrete/]: JsonPath Copyright © 2017 Jayway.
[05Aug2026 09:14:39.524] [modloading-worker-0/INFO] [de.keksuccino.konkrete.Konkrete/]: JsonPath is licensed under Apache-2.0.
[05Aug2026 09:14:39.524] [modloading-worker-0/INFO] [de.keksuccino.konkrete.Konkrete/]:  
[05Aug2026 09:14:39.524] [modloading-worker-0/INFO] [de.keksuccino.konkrete.Konkrete/]: Json-smart Copyright © netplex.
[05Aug2026 09:14:39.524] [modloading-worker-0/INFO] [de.keksuccino.konkrete.Konkrete/]: Json-smart is licensed under Apache-2.0.
[05Aug2026 09:14:39.524] [modloading-worker-0/INFO] [de.keksuccino.konkrete.Konkrete/]:  
[05Aug2026 09:14:39.525] [modloading-worker-0/INFO] [de.keksuccino.konkrete.Konkrete/]: Exp4j Copyright © Frank Asseg.
[05Aug2026 09:14:39.525] [modloading-worker-0/INFO] [de.keksuccino.konkrete.Konkrete/]: Exp4j is licensed under Apache-2.0. https://github.com/fasseg/exp4j
[05Aug2026 09:14:39.525] [modloading-worker-0/INFO] [de.keksuccino.konkrete.Konkrete/]: ---------------------------
[05Aug2026 09:14:39.525] [modloading-worker-0/INFO] [de.keksuccino.konkrete.Konkrete/]: [KONKRETE] Server-side modules initialized and ready to use!
[05Aug2026 09:14:39.552] [modloading-worker-0/INFO] [com.cobblemon.mod.common.Cobblemon/]: Loaded 6 spawnable position types.
[05Aug2026 09:14:39.583] [modloading-worker-0/INFO] [com.cobblemon.mod.common.Cobblemon/]: Loaded 3 spawn detail types.
[05Aug2026 09:14:39.620] [modloading-worker-0/INFO] [xaero.map.WorldMap/]: Registering common data for channel xaeroworldmap:main!
[05Aug2026 09:14:39.639] [modloading-worker-0/INFO] [xaero.map.WorldMap/]: Registering client data for channel xaeroworldmap:main!
[05Aug2026 09:14:39.642] [modloading-worker-0/INFO] [io.github.razordevs.deep_aether.DeepAether/]: Deep Aether: Registering Treasure Reforging compat items
[05Aug2026 09:14:39.691] [modloading-worker-0/INFO] [xaero.map.WorldMap/]: Loading primary common config for channel xaeroworldmap:main!
[05Aug2026 09:14:39.700] [modloading-worker-0/INFO] [xaero.map.WorldMap/]: Loading server config profiles for channel xaeroworldmap:main!
[05Aug2026 09:14:39.703] [modloading-worker-0/INFO] [xaero.map.WorldMap/]: Loading primary client config for channel xaeroworldmap:main!
[05Aug2026 09:14:39.711] [modloading-worker-0/INFO] [xaero.map.WorldMap/]: Loading client config profiles for channel xaeroworldmap:main!
[05Aug2026 09:14:39.715] [modloading-worker-0/INFO] [fzzy_config/]: Loaded config fzzy_config:keybinds in 81ms
[05Aug2026 09:14:39.898] [modloading-worker-0/INFO] [com.github.slaxlax.maxrepel.MaxRepel/]: MaxRepel initialized
[05Aug2026 09:14:39.938] [modloading-worker-0/INFO] [dragomordor.simpletms.SimpleTMs/]: Using SimpleTMs (2.1.0)
[05Aug2026 09:14:39.967] [modloading-worker-0/INFO] [dragomordor.simpletms.SimpleTMs/]: Register Mod Items for simpletms
[05Aug2026 09:14:39.967] [modloading-worker-0/INFO] [dragomordor.simpletms.SimpleTMs/]: Loading default move configs for TMs and TRs
[05Aug2026 09:14:39.967] [modloading-worker-0/INFO] [dragomordor.simpletms.SimpleTMs/]: Found default moves config file for SimpleTMs for TM moves
[05Aug2026 09:14:39.968] [modloading-worker-0/INFO] [dragomordor.simpletms.SimpleTMs/]: Found default moves config file for SimpleTMs for TR moves
[05Aug2026 09:14:39.968] [modloading-worker-0/INFO] [dragomordor.simpletms.SimpleTMs/]: Registering default move TMs and TRs
[05Aug2026 09:14:39.968] [modloading-worker-0/INFO] [com.breakinblocks.neovitae.NeoVitae/]: Curios detected - enabling compatibility
[05Aug2026 09:14:40.109] [modloading-worker-0/INFO] [dragomordor.simpletms.SimpleTMs/]: Registering custom TMs and TRs if present
[05Aug2026 09:14:40.110] [modloading-worker-0/INFO] [dragomordor.simpletms.SimpleTMs/]: Loading excluded moves from config
[05Aug2026 09:14:40.110] [modloading-worker-0/INFO] [dragomordor.simpletms.SimpleTMs/]: Found excluded moves config file for SimpleTMs
[05Aug2026 09:14:40.111] [modloading-worker-0/INFO] [dragomordor.simpletms.SimpleTMs/]: Found excluded moves config file for SimpleTMs
[05Aug2026 09:14:40.111] [modloading-worker-0/INFO] [dragomordor.simpletms.SimpleTMs/]: Found excluded moves config file for SimpleTMs
[05Aug2026 09:14:40.118] [modloading-worker-0/INFO] [dragomordor.simpletms.SimpleTMs/]: Registering blocks for simpletms
[05Aug2026 09:14:40.122] [modloading-worker-0/INFO] [dragomordor.simpletms.SimpleTMs/]: Registering block items for simpletms
[05Aug2026 09:14:40.124] [modloading-worker-0/INFO] [dragomordor.simpletms.SimpleTMs/]: Registering block entities for simpletms
[05Aug2026 09:14:40.179] [modloading-worker-0/INFO] [Collective/]: Loading Collective version 8.39.
[05Aug2026 09:14:40.261] [modloading-worker-0/WARN] [mixin/]: Discarding @Unique public method useItemOn in copycats-common.mixins.json:copycat.step.CopycatStepBlockMixin from mod copycats because it already exists in com.simibubi.create.content.decoration.copycat.CopycatStepBlock
[05Aug2026 09:14:40.268] [modloading-worker-0/WARN] [mixin/]: Discarding @Unique public method onLoad in copycats-common.mixins.json:foundation.copycat.CopycatBlockEntityMixin from mod copycats because it already exists in com.simibubi.create.content.decoration.copycat.CopycatBlockEntity
[05Aug2026 09:14:40.274] [modloading-worker-0/INFO] [cobblemonraiddens/]: Initialising cobblemonraiddens
[05Aug2026 09:14:40.276] [modloading-worker-0/WARN] [mixin/]: Discarding @Unique public method useItemOn in copycats-common.mixins.json:copycat.panel.CopycatPanelBlockMixin from mod copycats because it already exists in com.simibubi.create.content.decoration.copycat.CopycatPanelBlock
[05Aug2026 09:14:40.277] [modloading-worker-0/WARN] [mixin/]: Discarding @Unique public method mirror in copycats-common.mixins.json:copycat.panel.CopycatPanelBlockMixin from mod copycats because it already exists in com.simibubi.create.content.decoration.copycat.CopycatPanelBlock
[05Aug2026 09:14:40.277] [modloading-worker-0/WARN] [mixin/]: Discarding @Unique public method rotate in copycats-common.mixins.json:copycat.panel.CopycatPanelBlockMixin from mod copycats because it already exists in com.simibubi.create.content.decoration.copycat.CopycatPanelBlock
[05Aug2026 09:14:40.317] [modloading-worker-0/INFO] [dev.ftb.mods.ftbultimine.FTBUltimine/]: FTB Ranks detected, listening for ranks events
[05Aug2026 09:14:40.446] [modloading-worker-0/INFO] [com.cupboard.Cupboard/]: Loaded config for: cupboard.json
[05Aug2026 09:14:40.467] [modloading-worker-0/INFO] [net.blay09.mods.balm.neoforge.config.NeoForgeBalmConfig/]: Registering config for inventoryessentials:common (COMMON) with 12 properties.
[05Aug2026 09:14:40.515] [modloading-worker-0/INFO] [fightorflight/]: Hello neoforge from Fight or Flight
[05Aug2026 09:14:40.551] [modloading-worker-0/INFO] [owo/]: chyz: now i just need to painstakingly move jerry (the little tiny lil fella tiny guy man button) to correct spot when recipe book is opened
[05Aug2026 09:14:40.592] [modloading-worker-0/WARN] [mixin/]: Discarding @Unique public method rotate in copycats-neoforge.mixins.json:foundation.copycat.multistate.MultiStateCopycatBlockMixin from mod copycats because it already exists in com.copycatsplus.copycats.foundation.copycat.multistate.MultiStateCopycatBlock
[05Aug2026 09:14:40.592] [modloading-worker-0/WARN] [mixin/]: Discarding @Unique public method mirror in copycats-neoforge.mixins.json:foundation.copycat.multistate.MultiStateCopycatBlockMixin from mod copycats because it already exists in com.copycatsplus.copycats.foundation.copycat.multistate.MultiStateCopycatBlock
[05Aug2026 09:14:40.592] [modloading-worker-0/WARN] [mixin/]: Discarding @Unique public method useItemOn in copycats-neoforge.mixins.json:foundation.copycat.multistate.MultiStateCopycatBlockMixin from mod copycats because it already exists in com.copycatsplus.copycats.foundation.copycat.multistate.MultiStateCopycatBlock
[05Aug2026 09:14:40.593] [modloading-worker-0/WARN] [mixin/]: Discarding @Unique public method useWithoutItem in copycats-neoforge.mixins.json:foundation.copycat.multistate.MultiStateCopycatBlockMixin from mod copycats because it already exists in com.copycatsplus.copycats.foundation.copycat.multistate.MultiStateCopycatBlock
[05Aug2026 09:14:40.609] [modloading-worker-0/INFO] [fightorflight/]: [FOF] cobblemonsizevariation is loaded
[05Aug2026 09:14:40.609] [modloading-worker-0/WARN] [mixin/]: Discarding @Unique public method rotate in copycats-neoforge.mixins.json:foundation.copycat.CopycatBlockMixin from mod copycats because it already exists in com.copycatsplus.copycats.content.copycat.fluid_pipe.CopycatGlassFluidPipeBlock
[05Aug2026 09:14:40.609] [modloading-worker-0/WARN] [mixin/]: Discarding @Unique public method mirror in copycats-neoforge.mixins.json:foundation.copycat.CopycatBlockMixin from mod copycats because it already exists in com.copycatsplus.copycats.content.copycat.fluid_pipe.CopycatGlassFluidPipeBlock
[05Aug2026 09:14:40.609] [modloading-worker-0/WARN] [mixin/]: Discarding @Unique public method useItemOn in copycats-neoforge.mixins.json:foundation.copycat.CopycatBlockMixin from mod copycats because it already exists in com.copycatsplus.copycats.content.copycat.fluid_pipe.CopycatGlassFluidPipeBlock
[05Aug2026 09:14:40.609] [modloading-worker-0/WARN] [mixin/]: Discarding @Unique public method useWithoutItem in copycats-neoforge.mixins.json:foundation.copycat.CopycatBlockMixin from mod copycats because it already exists in com.copycatsplus.copycats.content.copycat.fluid_pipe.CopycatGlassFluidPipeBlock
[05Aug2026 09:14:40.614] [modloading-worker-0/WARN] [mixin/]: Discarding @Unique public method rotate in copycats-neoforge.mixins.json:foundation.copycat.CopycatBlockMixin from mod copycats because it already exists in com.copycatsplus.copycats.content.copycat.door.CopycatDoorBlock
[05Aug2026 09:14:40.614] [modloading-worker-0/WARN] [mixin/]: Discarding @Unique public method mirror in copycats-neoforge.mixins.json:foundation.copycat.CopycatBlockMixin from mod copycats because it already exists in com.copycatsplus.copycats.content.copycat.door.CopycatDoorBlock
[05Aug2026 09:14:40.614] [modloading-worker-0/WARN] [mixin/]: Discarding @Unique public method useItemOn in copycats-neoforge.mixins.json:foundation.copycat.CopycatBlockMixin from mod copycats because it already exists in com.copycatsplus.copycats.content.copycat.door.CopycatDoorBlock
[05Aug2026 09:14:40.614] [modloading-worker-0/WARN] [mixin/]: Discarding @Unique public method useWithoutItem in copycats-neoforge.mixins.json:foundation.copycat.CopycatBlockMixin from mod copycats because it already exists in com.copycatsplus.copycats.content.copycat.door.CopycatDoorBlock
[05Aug2026 09:14:40.620] [modloading-worker-0/WARN] [mixin/]: Discarding @Unique public method rotate in copycats-neoforge.mixins.json:foundation.copycat.CopycatBlockMixin from mod copycats because it already exists in com.copycatsplus.copycats.content.copycat.sliding_door.CopycatSlidingDoorBlock
[05Aug2026 09:14:40.620] [modloading-worker-0/WARN] [mixin/]: Discarding @Unique public method mirror in copycats-neoforge.mixins.json:foundation.copycat.CopycatBlockMixin from mod copycats because it already exists in com.copycatsplus.copycats.content.copycat.sliding_door.CopycatSlidingDoorBlock
[05Aug2026 09:14:40.620] [modloading-worker-0/WARN] [mixin/]: Discarding @Unique public method useItemOn in copycats-neoforge.mixins.json:foundation.copycat.CopycatBlockMixin from mod copycats because it already exists in com.copycatsplus.copycats.content.copycat.sliding_door.CopycatSlidingDoorBlock
[05Aug2026 09:14:40.620] [modloading-worker-0/WARN] [mixin/]: Discarding @Unique public method useWithoutItem in copycats-neoforge.mixins.json:foundation.copycat.CopycatBlockMixin from mod copycats because it already exists in com.copycatsplus.copycats.content.copycat.sliding_door.CopycatSlidingDoorBlock
[05Aug2026 09:14:40.625] [modloading-worker-0/INFO] [KubeJS/]: Loading vanilla registries...
[05Aug2026 09:14:40.627] [modloading-worker-0/INFO] [xaero.lib.XaeroLib/]: Registering common data for channel xaerolib:main!
[05Aug2026 09:14:40.630] [modloading-worker-0/INFO] [xaero.lib.XaeroLib/]: Registering client data for channel xaerolib:main!
[05Aug2026 09:14:40.632] [modloading-worker-0/INFO] [xaero.lib.XaeroLib/]: Loading primary common config for channel xaerolib:main!
[05Aug2026 09:14:40.640] [modloading-worker-0/INFO] [xaero.lib.XaeroLib/]: Loading server config profiles for channel xaerolib:main!
[05Aug2026 09:14:40.643] [modloading-worker-0/INFO] [xaero.lib.XaeroLib/]: Loading primary client config for channel xaerolib:main!
[05Aug2026 09:14:40.647] [modloading-worker-0/INFO] [KubeJS/]: Looking for KubeJS plugins...
[05Aug2026 09:14:40.652] [modloading-worker-0/INFO] [xaero.lib.XaeroLib/]: Loading client config profiles for channel xaerolib:main!
[05Aug2026 09:14:40.670] [modloading-worker-0/INFO] [KubeJS/]: Found plugin source kubejs
[05Aug2026 09:14:40.672] [modloading-worker-0/WARN] [mixin/]: Discarding @Unique public method rotate in copycats-neoforge.mixins.json:foundation.copycat.CopycatBlockMixin from mod copycats because it already exists in com.copycatsplus.copycats.foundation.copycat.CCCopycatBlock
[05Aug2026 09:14:40.672] [modloading-worker-0/WARN] [mixin/]: Discarding @Unique public method mirror in copycats-neoforge.mixins.json:foundation.copycat.CopycatBlockMixin from mod copycats because it already exists in com.copycatsplus.copycats.foundation.copycat.CCCopycatBlock
[05Aug2026 09:14:40.672] [modloading-worker-0/WARN] [mixin/]: Discarding @Unique public method useItemOn in copycats-neoforge.mixins.json:foundation.copycat.CopycatBlockMixin from mod copycats because it already exists in com.copycatsplus.copycats.foundation.copycat.CCCopycatBlock
[05Aug2026 09:14:40.672] [modloading-worker-0/WARN] [mixin/]: Discarding @Unique public method useWithoutItem in copycats-neoforge.mixins.json:foundation.copycat.CopycatBlockMixin from mod copycats because it already exists in com.copycatsplus.copycats.foundation.copycat.CCCopycatBlock
[05Aug2026 09:14:40.702] [modloading-worker-0/INFO] [KubeJS/]: Found plugin source createreautomated
[05Aug2026 09:14:40.706] [modloading-worker-0/INFO] [KubeJS/]: Found plugin source create_aquatic_ambitions
[05Aug2026 09:14:40.708] [modloading-worker-0/INFO] [KubeJS/]: Found plugin source neovitae
[05Aug2026 09:14:40.717] [modloading-worker-0/INFO] [KubeJS/]: Found plugin source lootjs
[05Aug2026 09:14:40.722] [modloading-worker-0/INFO] [KubeJS/]: Found plugin source neovitaekjs
[05Aug2026 09:14:40.775] [modloading-worker-0/INFO] [me.justahuman.more_cobblemon_tweaks.MoreCobblemonTweaks/]: Starting MoreCobblemonTweaks
[05Aug2026 09:14:40.789] [modloading-worker-0/WARN] [mixin/]: Discarding @Unique public method rotate in copycats-neoforge.mixins.json:foundation.copycat.CopycatBlockMixin from mod copycats because it already exists in com.copycatsplus.copycats.content.copycat.button.CopycatButtonBlock
[05Aug2026 09:14:40.789] [modloading-worker-0/WARN] [mixin/]: Discarding @Unique public method mirror in copycats-neoforge.mixins.json:foundation.copycat.CopycatBlockMixin from mod copycats because it already exists in com.copycatsplus.copycats.content.copycat.button.CopycatButtonBlock
[05Aug2026 09:14:40.789] [modloading-worker-0/WARN] [mixin/]: Discarding @Unique public method useItemOn in copycats-neoforge.mixins.json:foundation.copycat.CopycatBlockMixin from mod copycats because it already exists in com.copycatsplus.copycats.content.copycat.button.CopycatButtonBlock
[05Aug2026 09:14:40.789] [modloading-worker-0/WARN] [mixin/]: Discarding @Unique public method useWithoutItem in copycats-neoforge.mixins.json:foundation.copycat.CopycatBlockMixin from mod copycats because it already exists in com.copycatsplus.copycats.content.copycat.button.CopycatButtonBlock
[05Aug2026 09:14:40.795] [modloading-worker-0/INFO] [me.justahuman.more_cobblemon_tweaks.MoreCobblemonTweaks/]: >> Cobbreeding support enabled!
[05Aug2026 09:14:40.846] [modloading-worker-0/WARN] [mixin/]: Discarding @Unique public method rotate in copycats-neoforge.mixins.json:foundation.copycat.CopycatBlockMixin from mod copycats because it already exists in com.copycatsplus.copycats.content.copycat.fence.CopycatFenceBlock
[05Aug2026 09:14:40.846] [modloading-worker-0/WARN] [mixin/]: Discarding @Unique public method mirror in copycats-neoforge.mixins.json:foundation.copycat.CopycatBlockMixin from mod copycats because it already exists in com.copycatsplus.copycats.content.copycat.fence.CopycatFenceBlock
[05Aug2026 09:14:40.846] [modloading-worker-0/WARN] [mixin/]: Discarding @Unique public method useItemOn in copycats-neoforge.mixins.json:foundation.copycat.CopycatBlockMixin from mod copycats because it already exists in com.copycatsplus.copycats.content.copycat.fence.CopycatFenceBlock
[05Aug2026 09:14:40.846] [modloading-worker-0/WARN] [mixin/]: Discarding @Unique public method useWithoutItem in copycats-neoforge.mixins.json:foundation.copycat.CopycatBlockMixin from mod copycats because it already exists in com.copycatsplus.copycats.content.copycat.fence.CopycatFenceBlock
[05Aug2026 09:14:40.865] [modloading-worker-0/WARN] [mixin/]: Discarding @Unique public method rotate in copycats-neoforge.mixins.json:foundation.copycat.CopycatBlockMixin from mod copycats because it already exists in com.copycatsplus.copycats.content.copycat.fence_gate.CopycatFenceGateBlock
[05Aug2026 09:14:40.866] [modloading-worker-0/WARN] [mixin/]: Discarding @Unique public method mirror in copycats-neoforge.mixins.json:foundation.copycat.CopycatBlockMixin from mod copycats because it already exists in com.copycatsplus.copycats.content.copycat.fence_gate.CopycatFenceGateBlock
[05Aug2026 09:14:40.866] [modloading-worker-0/WARN] [mixin/]: Discarding @Unique public method useItemOn in copycats-neoforge.mixins.json:foundation.copycat.CopycatBlockMixin from mod copycats because it already exists in com.copycatsplus.copycats.content.copycat.fence_gate.CopycatFenceGateBlock
[05Aug2026 09:14:40.866] [modloading-worker-0/WARN] [mixin/]: Discarding @Unique public method useWithoutItem in copycats-neoforge.mixins.json:foundation.copycat.CopycatBlockMixin from mod copycats because it already exists in com.copycatsplus.copycats.content.copycat.fence_gate.CopycatFenceGateBlock
[05Aug2026 09:14:40.908] [modloading-worker-0/INFO] [KubeJS/]: Found plugin source voidminersremastered
[05Aug2026 09:14:40.913] [modloading-worker-0/INFO] [KubeJS/]: Found plugin source createcasing
[05Aug2026 09:14:40.917] [modloading-worker-0/INFO] [KubeJS/]: Found plugin source northstar
[05Aug2026 09:14:40.953] [modloading-worker-0/WARN] [mixin/]: Discarding @Unique public method rotate in copycats-neoforge.mixins.json:foundation.copycat.CopycatBlockMixin from mod copycats because it already exists in com.copycatsplus.copycats.content.copycat.ladder.CopycatLadderBlock
[05Aug2026 09:14:40.953] [modloading-worker-0/WARN] [mixin/]: Discarding @Unique public method mirror in copycats-neoforge.mixins.json:foundation.copycat.CopycatBlockMixin from mod copycats because it already exists in com.copycatsplus.copycats.content.copycat.ladder.CopycatLadderBlock
[05Aug2026 09:14:40.953] [modloading-worker-0/WARN] [mixin/]: Discarding @Unique public method useItemOn in copycats-neoforge.mixins.json:foundation.copycat.CopycatBlockMixin from mod copycats because it already exists in com.copycatsplus.copycats.content.copycat.ladder.CopycatLadderBlock
[05Aug2026 09:14:40.953] [modloading-worker-0/WARN] [mixin/]: Discarding @Unique public method useWithoutItem in copycats-neoforge.mixins.json:foundation.copycat.CopycatBlockMixin from mod copycats because it already exists in com.copycatsplus.copycats.content.copycat.ladder.CopycatLadderBlock
[05Aug2026 09:14:40.973] [modloading-worker-0/INFO] [net.blay09.mods.balm.neoforge.config.NeoForgeBalmConfig/]: Registering config for waystones:common (COMMON) with 37 properties.
[05Aug2026 09:14:40.992] [modloading-worker-0/WARN] [mixin/]: Discarding @Unique public method rotate in copycats-neoforge.mixins.json:foundation.copycat.CopycatBlockMixin from mod copycats because it already exists in com.copycatsplus.copycats.content.copycat.pressure_plate.CopycatPressurePlateBlock
[05Aug2026 09:14:40.992] [modloading-worker-0/WARN] [mixin/]: Discarding @Unique public method mirror in copycats-neoforge.mixins.json:foundation.copycat.CopycatBlockMixin from mod copycats because it already exists in com.copycatsplus.copycats.content.copycat.pressure_plate.CopycatPressurePlateBlock
[05Aug2026 09:14:40.992] [modloading-worker-0/WARN] [mixin/]: Discarding @Unique public method useItemOn in copycats-neoforge.mixins.json:foundation.copycat.CopycatBlockMixin from mod copycats because it already exists in com.copycatsplus.copycats.content.copycat.pressure_plate.CopycatPressurePlateBlock
[05Aug2026 09:14:40.992] [modloading-worker-0/WARN] [mixin/]: Discarding @Unique public method useWithoutItem in copycats-neoforge.mixins.json:foundation.copycat.CopycatBlockMixin from mod copycats because it already exists in com.copycatsplus.copycats.content.copycat.pressure_plate.CopycatPressurePlateBlock
[05Aug2026 09:14:40.996] [modloading-worker-0/INFO] [KubeJS/]: Found plugin source kubejs_create
[05Aug2026 09:14:41.000] [modloading-worker-0/INFO] [KubeJS/]: Found plugin source ftbxmodcompat
[05Aug2026 09:14:41.012] [modloading-worker-0/WARN] [mixin/]: Discarding @Unique public method rotate in copycats-neoforge.mixins.json:foundation.copycat.CopycatBlockMixin from mod copycats because it already exists in com.copycatsplus.copycats.content.copycat.pressure_plate.CopycatWeightedPressurePlate
[05Aug2026 09:14:41.012] [modloading-worker-0/WARN] [mixin/]: Discarding @Unique public method mirror in copycats-neoforge.mixins.json:foundation.copycat.CopycatBlockMixin from mod copycats because it already exists in com.copycatsplus.copycats.content.copycat.pressure_plate.CopycatWeightedPressurePlate
[05Aug2026 09:14:41.012] [modloading-worker-0/WARN] [mixin/]: Discarding @Unique public method useItemOn in copycats-neoforge.mixins.json:foundation.copycat.CopycatBlockMixin from mod copycats because it already exists in com.copycatsplus.copycats.content.copycat.pressure_plate.CopycatWeightedPressurePlate
[05Aug2026 09:14:41.012] [modloading-worker-0/WARN] [mixin/]: Discarding @Unique public method useWithoutItem in copycats-neoforge.mixins.json:foundation.copycat.CopycatBlockMixin from mod copycats because it already exists in com.copycatsplus.copycats.content.copycat.pressure_plate.CopycatWeightedPressurePlate
[05Aug2026 09:14:41.018] [modloading-worker-0/INFO] [KubeJS/]: Done in 368.5 ms
[05Aug2026 09:14:41.025] [modloading-worker-0/INFO] [com.linceros.leveltools.LevelTools/]: Linceros LevelTools initialized for NeoForge 1.21.1!
[05Aug2026 09:14:41.051] [modloading-worker-0/WARN] [mixin/]: Discarding @Unique public method rotate in copycats-neoforge.mixins.json:foundation.copycat.CopycatBlockMixin from mod copycats because it already exists in com.copycatsplus.copycats.content.copycat.stairs.CopycatStairsBlock
[05Aug2026 09:14:41.051] [modloading-worker-0/WARN] [mixin/]: Discarding @Unique public method mirror in copycats-neoforge.mixins.json:foundation.copycat.CopycatBlockMixin from mod copycats because it already exists in com.copycatsplus.copycats.content.copycat.stairs.CopycatStairsBlock
[05Aug2026 09:14:41.051] [modloading-worker-0/WARN] [mixin/]: Discarding @Unique public method useItemOn in copycats-neoforge.mixins.json:foundation.copycat.CopycatBlockMixin from mod copycats because it already exists in com.copycatsplus.copycats.content.copycat.stairs.CopycatStairsBlock
[05Aug2026 09:14:41.051] [modloading-worker-0/WARN] [mixin/]: Discarding @Unique public method useWithoutItem in copycats-neoforge.mixins.json:foundation.copycat.CopycatBlockMixin from mod copycats because it already exists in com.copycatsplus.copycats.content.copycat.stairs.CopycatStairsBlock
[05Aug2026 09:14:41.058] [modloading-worker-0/INFO] [FTB XMod Compat/]: [FTB Quests] Enabled KubeJS integration
[05Aug2026 09:14:41.069] [modloading-worker-0/INFO] [FTB XMod Compat/]: [FTB Chunks] Enabled KubeJS integration
[05Aug2026 09:14:41.087] [modloading-worker-0/WARN] [mixin/]: Discarding @Unique public method rotate in copycats-neoforge.mixins.json:foundation.copycat.CopycatBlockMixin from mod copycats because it already exists in com.copycatsplus.copycats.content.copycat.trapdoor.CopycatTrapdoorBlock
[05Aug2026 09:14:41.087] [modloading-worker-0/WARN] [mixin/]: Discarding @Unique public method mirror in copycats-neoforge.mixins.json:foundation.copycat.CopycatBlockMixin from mod copycats because it already exists in com.copycatsplus.copycats.content.copycat.trapdoor.CopycatTrapdoorBlock
[05Aug2026 09:14:41.087] [modloading-worker-0/WARN] [mixin/]: Discarding @Unique public method useItemOn in copycats-neoforge.mixins.json:foundation.copycat.CopycatBlockMixin from mod copycats because it already exists in com.copycatsplus.copycats.content.copycat.trapdoor.CopycatTrapdoorBlock
[05Aug2026 09:14:41.087] [modloading-worker-0/WARN] [mixin/]: Discarding @Unique public method useWithoutItem in copycats-neoforge.mixins.json:foundation.copycat.CopycatBlockMixin from mod copycats because it already exists in com.copycatsplus.copycats.content.copycat.trapdoor.CopycatTrapdoorBlock
[05Aug2026 09:14:41.142] [modloading-worker-0/INFO] [com.necro.fireworkcapsules.common.FireworkCapsules/]: Initiating fireworkcapsules
[05Aug2026 09:14:41.171] [modloading-worker-0/WARN] [mixin/]: Discarding @Unique public method rotate in copycats-neoforge.mixins.json:foundation.copycat.CopycatBlockMixin from mod copycats because it already exists in com.copycatsplus.copycats.content.copycat.wall.CopycatWallBlock
[05Aug2026 09:14:41.171] [modloading-worker-0/WARN] [mixin/]: Discarding @Unique public method mirror in copycats-neoforge.mixins.json:foundation.copycat.CopycatBlockMixin from mod copycats because it already exists in com.copycatsplus.copycats.content.copycat.wall.CopycatWallBlock
[05Aug2026 09:14:41.171] [modloading-worker-0/WARN] [mixin/]: Discarding @Unique public method useItemOn in copycats-neoforge.mixins.json:foundation.copycat.CopycatBlockMixin from mod copycats because it already exists in com.copycatsplus.copycats.content.copycat.wall.CopycatWallBlock
[05Aug2026 09:14:41.171] [modloading-worker-0/WARN] [mixin/]: Discarding @Unique public method useWithoutItem in copycats-neoforge.mixins.json:foundation.copycat.CopycatBlockMixin from mod copycats because it already exists in com.copycatsplus.copycats.content.copycat.wall.CopycatWallBlock
[05Aug2026 09:14:41.175] [modloading-worker-0/INFO] [CatchIndicator/]: [catchindicator] Client-only init OK
[05Aug2026 09:14:41.219] [modloading-worker-0/WARN] [mixin/]: Discarding @Unique public method rotate in copycats-neoforge.mixins.json:foundation.copycat.CopycatBlockMixin from mod copycats because it already exists in com.copycatsplus.copycats.content.copycat.shaft.CopycatShaftBlock
[05Aug2026 09:14:41.219] [modloading-worker-0/WARN] [mixin/]: Discarding @Unique public method mirror in copycats-neoforge.mixins.json:foundation.copycat.CopycatBlockMixin from mod copycats because it already exists in com.copycatsplus.copycats.content.copycat.shaft.CopycatShaftBlock
[05Aug2026 09:14:41.219] [modloading-worker-0/WARN] [mixin/]: Discarding @Unique public method useItemOn in copycats-neoforge.mixins.json:foundation.copycat.CopycatBlockMixin from mod copycats because it already exists in com.copycatsplus.copycats.content.copycat.shaft.CopycatShaftBlock
[05Aug2026 09:14:41.219] [modloading-worker-0/WARN] [mixin/]: Discarding @Unique public method useWithoutItem in copycats-neoforge.mixins.json:foundation.copycat.CopycatBlockMixin from mod copycats because it already exists in com.copycatsplus.copycats.content.copycat.shaft.CopycatShaftBlock
[05Aug2026 09:14:41.242] [modloading-worker-0/WARN] [mixin/]: Discarding @Unique public method rotate in copycats-neoforge.mixins.json:foundation.copycat.multistate.MultiStateCopycatBlockMixin from mod copycats because it already exists in com.copycatsplus.copycats.content.copycat.cogwheel.CopycatCogWheelBlock
[05Aug2026 09:14:41.242] [modloading-worker-0/WARN] [mixin/]: Discarding @Unique public method mirror in copycats-neoforge.mixins.json:foundation.copycat.multistate.MultiStateCopycatBlockMixin from mod copycats because it already exists in com.copycatsplus.copycats.content.copycat.cogwheel.CopycatCogWheelBlock
[05Aug2026 09:14:41.242] [modloading-worker-0/WARN] [mixin/]: Discarding @Unique public method useItemOn in copycats-neoforge.mixins.json:foundation.copycat.multistate.MultiStateCopycatBlockMixin from mod copycats because it already exists in com.copycatsplus.copycats.content.copycat.cogwheel.CopycatCogWheelBlock
[05Aug2026 09:14:41.242] [modloading-worker-0/WARN] [mixin/]: Discarding @Unique public method useWithoutItem in copycats-neoforge.mixins.json:foundation.copycat.multistate.MultiStateCopycatBlockMixin from mod copycats because it already exists in com.copycatsplus.copycats.content.copycat.cogwheel.CopycatCogWheelBlock
[05Aug2026 09:14:41.266] [modloading-worker-0/WARN] [mixin/]: Discarding @Unique public method rotate in copycats-neoforge.mixins.json:foundation.copycat.CopycatBlockMixin from mod copycats because it already exists in com.copycatsplus.copycats.content.copycat.fluid_pipe.CopycatFluidPipeBlock
[05Aug2026 09:14:41.266] [modloading-worker-0/WARN] [mixin/]: Discarding @Unique public method mirror in copycats-neoforge.mixins.json:foundation.copycat.CopycatBlockMixin from mod copycats because it already exists in com.copycatsplus.copycats.content.copycat.fluid_pipe.CopycatFluidPipeBlock
[05Aug2026 09:14:41.266] [modloading-worker-0/WARN] [mixin/]: Discarding @Unique public method useItemOn in copycats-neoforge.mixins.json:foundation.copycat.CopycatBlockMixin from mod copycats because it already exists in com.copycatsplus.copycats.content.copycat.fluid_pipe.CopycatFluidPipeBlock
[05Aug2026 09:14:41.266] [modloading-worker-0/WARN] [mixin/]: Discarding @Unique public method useWithoutItem in copycats-neoforge.mixins.json:foundation.copycat.CopycatBlockMixin from mod copycats because it already exists in com.copycatsplus.copycats.content.copycat.fluid_pipe.CopycatFluidPipeBlock
[05Aug2026 09:14:41.292] [modloading-worker-0/WARN] [mixin/]: Discarding @Unique public method rotate in copycats-neoforge.mixins.json:foundation.copycat.CopycatBlockMixin from mod copycats because it already exists in com.copycatsplus.copycats.content.copycat.pane.CopycatPaneBlock
[05Aug2026 09:14:41.292] [modloading-worker-0/WARN] [mixin/]: Discarding @Unique public method mirror in copycats-neoforge.mixins.json:foundation.copycat.CopycatBlockMixin from mod copycats because it already exists in com.copycatsplus.copycats.content.copycat.pane.CopycatPaneBlock
[05Aug2026 09:14:41.292] [modloading-worker-0/WARN] [mixin/]: Discarding @Unique public method useItemOn in copycats-neoforge.mixins.json:foundation.copycat.CopycatBlockMixin from mod copycats because it already exists in com.copycatsplus.copycats.content.copycat.pane.CopycatPaneBlock
[05Aug2026 09:14:41.292] [modloading-worker-0/WARN] [mixin/]: Discarding @Unique public method useWithoutItem in copycats-neoforge.mixins.json:foundation.copycat.CopycatBlockMixin from mod copycats because it already exists in com.copycatsplus.copycats.content.copycat.pane.CopycatPaneBlock
[05Aug2026 09:14:41.315] [modloading-worker-0/INFO] [PluginManager/]: Scanning classes for titanium
[05Aug2026 09:14:41.344] [modloading-worker-0/WARN] [mixin/]: Discarding @Unique public method onLoad in copycats-neoforge.mixins.json:foundation.copycat.CopycatBlockEntityMixin from mod copycats because it already exists in com.copycatsplus.copycats.foundation.copycat.CCCopycatBlockEntity
[05Aug2026 09:14:41.350] [modloading-worker-0/WARN] [mixin/]: Discarding @Unique public method onLoad in copycats-neoforge.mixins.json:foundation.copycat.multistate.MultiStateCopycatBlockEntityMixin from mod copycats because it already exists in com.copycatsplus.copycats.foundation.copycat.multistate.MultiStateCopycatBlockEntity
[05Aug2026 09:14:41.363] [modloading-worker-0/WARN] [mixin/]: Discarding @Unique public method onLoad in copycats-neoforge.mixins.json:foundation.copycat.CopycatBlockEntityMixin from mod copycats because it already exists in com.copycatsplus.copycats.content.copycat.shaft.CopycatShaftBlockEntity
[05Aug2026 09:14:41.370] [modloading-worker-0/WARN] [mixin/]: Discarding @Unique public method onLoad in copycats-neoforge.mixins.json:foundation.copycat.multistate.MultiStateCopycatBlockEntityMixin from mod copycats because it already exists in com.copycatsplus.copycats.content.copycat.cogwheel.CopycatCogWheelBlockEntity
[05Aug2026 09:14:41.379] [modloading-worker-0/WARN] [mixin/]: Discarding @Unique public method onLoad in copycats-neoforge.mixins.json:foundation.copycat.CopycatBlockEntityMixin from mod copycats because it already exists in com.copycatsplus.copycats.content.copycat.fluid_pipe.CopycatFluidPipeBlockEntity
[05Aug2026 09:14:41.386] [modloading-worker-0/WARN] [mixin/]: Discarding @Unique public method onLoad in copycats-neoforge.mixins.json:foundation.copycat.CopycatBlockEntityMixin from mod copycats because it already exists in com.copycatsplus.copycats.content.copycat.fluid_pipe.CopycatStraightPipeBlockEntity
[05Aug2026 09:14:41.393] [modloading-worker-0/WARN] [mixin/]: Discarding @Unique public method onLoad in copycats-neoforge.mixins.json:foundation.copycat.CopycatBlockEntityMixin from mod copycats because it already exists in com.copycatsplus.copycats.content.copycat.sliding_door.CopycatSlidingDoorBlockEntity
[05Aug2026 09:14:41.527] [modloading-worker-0/INFO] [YetAnotherConfigLib/]: Deserializing AOTAConfig from 'C:\Users\vince\curseforge\minecraft\Instances\NZR Cobblemon\config\armoroftheages.json'
[05Aug2026 09:14:41.547] [modloading-worker-0/INFO] [YetAnotherConfigLib/]: Deserializing YACLConfig from 'C:\Users\vince\curseforge\minecraft\Instances\NZR Cobblemon\config\yacl.json5'
[05Aug2026 09:14:41.567] [modloading-worker-0/INFO] [be.florens.expandability.ExpandAbility/]: ExpandAbility here, who dis?
[05Aug2026 09:14:41.578] [modloading-worker-0/INFO] [PluginManager/]: Scanning classes for functionalstorage
[05Aug2026 09:14:41.609] [modloading-worker-0/INFO] [net.potionstudios.biomeswevegone.BiomesWeveGone/]: Registering Oh The Biomes We've Gone data components
[05Aug2026 09:14:41.648] [modloading-worker-0/INFO] [cobblemore_lib/]: Initializing Cobblemore Lib
[05Aug2026 09:14:41.709] [modloading-worker-0/INFO] [cobblemonsizevariation/]: Loading sizing algorithms...
[05Aug2026 09:14:41.711] [modloading-worker-0/INFO] [net.potionstudios.biomeswevegone.BiomesWeveGone/]: Registering Oh The Biomes We've Gone items
[05Aug2026 09:14:41.753] [modloading-worker-0/INFO] [cobblemonsizevariation/]: Loaded 2 size definitions.
[05Aug2026 09:14:41.757] [modloading-worker-0/WARN] [mixin/]: Error loading class: it/hurts/octostudios/octolib/modules/particles/OctoRenderManager (java.lang.ClassNotFoundException: it.hurts.octostudios.octolib.modules.particles.OctoRenderManager)
[05Aug2026 09:14:41.795] [modloading-worker-0/INFO] [Better Archeology/]: Registering Worldgen/structure Types for Better Archeology
[05Aug2026 09:14:41.797] [modloading-worker-0/INFO] [Better Archeology/]: Registering Entity Types for Better Archeology
[05Aug2026 09:14:41.799] [modloading-worker-0/INFO] [Better Archeology/]: Registering Enchantments for Better Archeology
[05Aug2026 09:14:41.802] [modloading-worker-0/INFO] [Better Archeology/]: Registering Creative Mode Tabs for Better Archeology
[05Aug2026 09:14:41.808] [modloading-worker-0/INFO] [CobblemonIncubator/]: Loaded incubator config: baseSpeed=5, speedUpgradeMultiplier=2.0, upgradedSpeed=10, displayMask=31, upgradeMask=15, filterMask=63, automationMask=3, geneFusion(enabled=true, chargePerLevel=0.5, costMultiplier=1.0, syringeMaxCharge=500)
[05Aug2026 09:14:41.811] [modloading-worker-0/INFO] [Better Archeology/]: Registering Items for Better Archeology
[05Aug2026 09:14:41.837] [modloading-worker-0/INFO] [CobblemonIncubator/]: Cobblemon Incubator loaded!
[05Aug2026 09:14:41.873] [modloading-worker-0/INFO] [Better Archeology/]: Registering Blocks for Better Archeology
[05Aug2026 09:14:41.874] [modloading-worker-0/INFO] [Better Archeology/]: Registering Tags for Better Archeology
[05Aug2026 09:14:41.874] [modloading-worker-0/INFO] [de.keksuccino.fancymenu.FancyMenu/]: [FANCYMENU] Loading v3.9.9 in client-side mode on NEOFORGE!
[05Aug2026 09:14:41.878] [modloading-worker-0/INFO] [net.nicguzzo.wands.WandsMod/]: Has opac!! false
[05Aug2026 09:14:41.878] [modloading-worker-0/INFO] [net.nicguzzo.wands.WandsMod/]: Has ftbchunks!! false
[05Aug2026 09:14:41.878] [modloading-worker-0/INFO] [net.nicguzzo.wands.WandsMod/]: Has flan!! false
[05Aug2026 09:14:41.880] [modloading-worker-0/INFO] [Better Archeology/]: Registering Block Entity Types for Better Archeology
[05Aug2026 09:14:41.887] [modloading-worker-0/INFO] [Better Archeology/]: Registering Menus for Better Archeology
[05Aug2026 09:14:41.893] [modloading-worker-0/INFO] [Better Archeology/]: Registering Recipe Serializers for Better Archeology
[05Aug2026 09:14:41.893] [modloading-worker-0/INFO] [Better Archeology/]: Registering Recipe Types for Better Archeology
[05Aug2026 09:14:41.901] [modloading-worker-0/INFO] [Better Archeology/]: Registering Villager Professions for Better Archeology
[05Aug2026 09:14:41.905] [modloading-worker-0/INFO] [Better Archeology/]: Registering Events for Better Archeology
[05Aug2026 09:14:41.908] [modloading-worker-0/INFO] [Better Archeology/]: Registering Sound Events for Better Archeology
[05Aug2026 09:14:41.949] [modloading-worker-0/INFO] [net.potionstudios.biomeswevegone.BiomesWeveGone/]: Registering Oh The Biomes We've Gone Blocks
[05Aug2026 09:14:41.980] [modloading-worker-0/INFO] [pp_legendarydungeons/]: [WTrader JSON] Registered Architectury server-data reload listener.
[05Aug2026 09:14:41.987] [modloading-worker-0/INFO] [pp_legendarydungeons/]: [Pokemon Profiles] Registered Architectury server-data reload listener.
[05Aug2026 09:14:41.998] [modloading-worker-0/INFO] [net.potionstudios.biomeswevegone.BiomesWeveGone/]: Registering Oh The Biomes We've Gone Wood
[05Aug2026 09:14:42.001] [modloading-worker-0/INFO] [net.potionstudios.biomeswevegone.BiomesWeveGone/]: Registering Oh The Biomes We've Gone Block Entities
[05Aug2026 09:14:42.002] [modloading-worker-0/INFO] [net.potionstudios.biomeswevegone.BiomesWeveGone/]: Registering Oh The Biomes We've Gone Entities
[05Aug2026 09:14:42.002] [modloading-worker-0/INFO] [pp_legendarydungeons/]: [Villager Trades] Registered 3 additive Architectury cartographer trade-pool listings.
[05Aug2026 09:14:42.004] [modloading-worker-0/INFO] [net.potionstudios.biomeswevegone.BiomesWeveGone/]: Registering Oh The Biomes We've Gone Creative Tabs
[05Aug2026 09:14:42.006] [modloading-worker-0/INFO] [pp_legendarydungeons/]: [Loot Injection] Registered 3 additive Architectury loot-table injection groups.
[05Aug2026 09:14:42.008] [modloading-worker-0/INFO] [net.potionstudios.biomeswevegone.BiomesWeveGone/]: Registering Oh The Biomes We've Gone Sounds
[05Aug2026 09:14:42.009] [modloading-worker-0/INFO] [ars.shiny.ArsShiny/]: Registered Ars Shiny ritual: arsshiny:ritual_shiny
[05Aug2026 09:14:42.010] [modloading-worker-0/INFO] [pp_legendarydungeons/]: [Pokemon Loot] Registered Cobblemon battle-faint and loot-drop listeners. Execution enabled: true
[05Aug2026 09:14:42.011] [modloading-worker-0/INFO] [net.potionstudios.biomeswevegone.BiomesWeveGone/]: Registering Oh The Biomes We've Gone Block Predicate
[05Aug2026 09:14:42.011] [modloading-worker-0/INFO] [ars.shiny.ArsShiny/]: Registered Cobblemon shiny chance handler
[05Aug2026 09:14:42.018] [modloading-worker-0/INFO] [pp_legendarydungeons/]: [Dungeon Pokemon] Registered Cobblemon save, load, and capture listeners.
[05Aug2026 09:14:42.019] [modloading-worker-0/INFO] [net.potionstudios.biomeswevegone.BiomesWeveGone/]: Registering Oh The Biomes We've Gone State Providers
[05Aug2026 09:14:42.021] [modloading-worker-0/INFO] [pp_legendarydungeons/]: Cobblemon: Explore Legendary Dungeons initialized on NeoForge.
[05Aug2026 09:14:42.025] [modloading-worker-0/INFO] [net.potionstudios.biomeswevegone.BiomesWeveGone/]: Registering Oh The Biomes We've Gone Tree Decorators
[05Aug2026 09:14:42.038] [modloading-worker-0/INFO] [net.potionstudios.biomeswevegone.BiomesWeveGone/]: Registering Oh The Biomes We've Gone Custom Features
[05Aug2026 09:14:42.041] [modloading-worker-0/INFO] [net.potionstudios.biomeswevegone.BiomesWeveGone/]: Registering Oh The Biomes We've Gone Structure Pieces
[05Aug2026 09:14:42.043] [modloading-worker-0/INFO] [net.potionstudios.biomeswevegone.BiomesWeveGone/]: Registering Oh The Biomes We've Gone Custom Structure Types
[05Aug2026 09:14:42.048] [modloading-worker-0/INFO] [net.potionstudios.biomeswevegone.BiomesWeveGone/]: Registering Oh The Biomes We've Gone Configured Features
[05Aug2026 09:14:42.073] [modloading-worker-0/INFO] [net.potionstudios.biomeswevegone.BiomesWeveGone/]: Creating and Registering Overworld Vegetation Configured Features
[05Aug2026 09:14:42.149] [modloading-worker-0/INFO] [net.potionstudios.biomeswevegone.BiomesWeveGone/]: Registering Oh The Biomes We've Gone Tree Configured Features
[05Aug2026 09:14:42.166] [modloading-worker-0/INFO] [net.potionstudios.biomeswevegone.BiomesWeveGone/]: Creating and Registering Vanilla Configured Features
[05Aug2026 09:14:42.170] [modloading-worker-0/INFO] [net.potionstudios.biomeswevegone.BiomesWeveGone/]: Registering Oh The Biomes You'll Go Overworld Configured Features
[05Aug2026 09:14:42.176] [modloading-worker-0/INFO] [net.potionstudios.biomeswevegone.BiomesWeveGone/]: Registering Oh The Biomes We've Gone Placed Features
[05Aug2026 09:14:42.181] [modloading-worker-0/INFO] [net.potionstudios.biomeswevegone.BiomesWeveGone/]: Creating and Registering Overworld Tree Placed Features
[05Aug2026 09:14:42.192] [modloading-worker-0/INFO] [net.potionstudios.biomeswevegone.BiomesWeveGone/]: Creating and Registering Overworld Vegetation Placed Features
[05Aug2026 09:14:42.207] [modloading-worker-0/INFO] [net.potionstudios.biomeswevegone.BiomesWeveGone/]: Creating and Registering Vanilla Placed Features
[05Aug2026 09:14:42.207] [modloading-worker-0/INFO] [net.potionstudios.biomeswevegone.BiomesWeveGone/]: Registering Oh The Biomes We've Gone Custom Surface Rules
[05Aug2026 09:14:42.222] [modloading-worker-0/INFO] [net.potionstudios.biomeswevegone.BiomesWeveGone/]: Registering Oh The Biomes We've Gone Template Pools
[05Aug2026 09:14:42.232] [modloading-worker-0/INFO] [net.potionstudios.biomeswevegone.BiomesWeveGone/]: Registering Oh The Biome's We've Gone Village Template Pools
[05Aug2026 09:14:42.237] [modloading-worker-0/INFO] [net.potionstudios.biomeswevegone.BiomesWeveGone/]: Registering Oh The Biomes We've Gone Poi Types
[05Aug2026 09:14:42.237] [modloading-worker-0/INFO] [net.potionstudios.biomeswevegone.BiomesWeveGone/]: Registering Oh The Biomes We've Gone Villager Professions
[05Aug2026 09:14:42.240] [modloading-worker-0/INFO] [net.potionstudios.biomeswevegone.BiomesWeveGone/]: Registering Oh The Biomes We've Gone Custom Structure Processors
[05Aug2026 09:14:42.241] [modloading-worker-0/INFO] [net.potionstudios.biomeswevegone.BiomesWeveGone/]: Registering Oh The Biomes We've Gone villager types
[05Aug2026 09:14:42.243] [modloading-worker-0/INFO] [net.potionstudios.biomeswevegone.BiomesWeveGone/]: Registering Oh The Biomes We've Gone Schedules
[05Aug2026 09:14:42.243] [modloading-worker-0/INFO] [net.potionstudios.biomeswevegone.BiomesWeveGone/]: Registering Oh The Biomes We've Gone Memory Module Types
[05Aug2026 09:14:42.246] [modloading-worker-0/INFO] [net.potionstudios.biomeswevegone.BiomesWeveGone/]: Registering Oh The Biomes We've Gone Sensor Types
[05Aug2026 09:14:42.247] [modloading-worker-0/INFO] [net.potionstudios.biomeswevegone.BiomesWeveGone/]: Registering Oh The Biomes We've Gone Map Decoration Types
[05Aug2026 09:14:42.252] [modloading-worker-0/INFO] [net.potionstudios.biomeswevegone.BiomesWeveGone/]: Registering Oh The Biomes We've Gone Entity SubPredicates
[05Aug2026 09:14:42.356] [modloading-worker-0/INFO] [mixin/]: BeforeConstant is searching for constants in method with descriptor (Lnet/minecraft/network/chat/Component;Z)V
[05Aug2026 09:14:42.357] [modloading-worker-0/INFO] [mixin/]:   BeforeConstant found INTEGER constant: value = 0, intValue = null
[05Aug2026 09:14:42.357] [modloading-worker-0/INFO] [mixin/]:     BeforeConstant found a matching constant TYPE at ordinal 0
[05Aug2026 09:14:42.357] [modloading-worker-0/INFO] [mixin/]:       BeforeConstant found Insn [ICONST_0] 
[05Aug2026 09:14:42.357] [modloading-worker-0/INFO] [mixin/]:   BeforeConstant found INTEGER constant: value = 60, intValue = null
[05Aug2026 09:14:42.357] [modloading-worker-0/INFO] [mixin/]:     BeforeConstant found a matching constant TYPE at ordinal 1
[05Aug2026 09:14:42.357] [modloading-worker-0/INFO] [mixin/]:       BeforeConstant found IntInsn 60
[05Aug2026 09:14:42.444] [modloading-worker-0/INFO] [KubeJS/]: Added bindings for script type STARTUP from mod 'almostunified': [AlmostUnified]
[05Aug2026 09:14:42.475] [modloading-worker-0/INFO] [KubeJS Startup/]: startup_scripts:main.js#2: Hello, World! (Loaded startup example script)
[05Aug2026 09:14:42.476] [modloading-worker-0/INFO] [KubeJS Startup/]: Loaded script startup_scripts:main.js in 0.031 s
[05Aug2026 09:14:42.482] [modloading-worker-0/INFO] [KubeJS Startup/]: Loaded script startup_scripts:nzr_coin.js in 0.006 s
[05Aug2026 09:14:42.485] [modloading-worker-0/INFO] [KubeJS Startup/]: Loaded 2/2 KubeJS startup scripts in 1.331 s with 0 errors and 0 warnings
[05Aug2026 09:14:42.513] [modloading-worker-0/INFO] [KubeJS/]: Added bindings for script type CLIENT from mod 'almostunified': [AlmostUnified]
[05Aug2026 09:14:42.514] [modloading-worker-0/INFO] [KubeJS Client/]: client_scripts:main.js#2: Hello, World! (Loaded client example script)
[05Aug2026 09:14:42.514] [modloading-worker-0/INFO] [KubeJS Client/]: Loaded script client_scripts:main.js in 0.001 s
[05Aug2026 09:14:42.514] [modloading-worker-0/INFO] [KubeJS Client/]: Loaded 1/1 KubeJS client scripts in 0.028 s with 0 errors and 0 warnings
[05Aug2026 09:14:42.520] [modloading-worker-0/INFO] [KubeJS Startup/]: Validated 3 files in kubejs/assets/ in 3ms
[05Aug2026 09:14:42.520] [modloading-worker-0/INFO] [KubeJS Startup/]: Validated 0 files in kubejs/data/ in 0ms
[05Aug2026 09:14:42.563] [modloading-worker-0/INFO] [nadiendev.voidminersremastered.VoidMinersRemastered/]: Configuration file exists. Merging the current file with a new one configurations exist to preserve changed configurations.
[05Aug2026 09:14:42.578] [modloading-worker-0/INFO] [FTB Library/]: registered docs provider mod: guideme
[05Aug2026 09:14:42.579] [modloading-worker-0/INFO] [FTB Library/]: registered docs provider mod: patchouli
[05Aug2026 09:14:42.579] [modloading-worker-0/INFO] [nadiendev.voidminersremastered.VoidMinersRemastered/]: Merged configuration file successfully.
[05Aug2026 09:14:42.585] [modloading-worker-0/INFO] [nadiendev.voidminersremastered.VoidMinersRemastered/]: Configuration file exists. Merging the current file with a new one configurations exist to preserve changed configurations.
[05Aug2026 09:14:42.594] [modloading-worker-0/INFO] [nadiendev.voidminersremastered.VoidMinersRemastered/]: Merged configuration file successfully.
[05Aug2026 09:14:42.653] [modloading-worker-0/INFO] [Create: Interiors/]: Create: Interiors v0.6.1 initializing! Create version: 6.0.10 on platform: NeoForge
[05Aug2026 09:14:42.658] [modloading-worker-0/INFO] [creategoggles/]: CreateGoggles init
[05Aug2026 09:14:42.664] [modloading-worker-0/INFO] [creategoggles/]: cgitems
[05Aug2026 09:14:42.689] [modloading-worker-0/INFO] [creategoggles/]: cgblockentities
[05Aug2026 09:14:42.694] [modloading-worker-0/INFO] [creategoggles/]: ResourceKey[minecraft:trim_pattern / creategoggles:goggle]
[05Aug2026 09:14:42.694] [modloading-worker-0/INFO] [creategoggles/]: ResourceKey[minecraft:trim_material / creategoggles:goggle_material]
[05Aug2026 09:14:42.694] [modloading-worker-0/INFO] [creategoggles/]: ResourceKey[minecraft:root / minecraft:trim_pattern]
[05Aug2026 09:14:42.706] [modloading-worker-0/INFO] [creategoggles/]: CGItemModifiers register false
[05Aug2026 09:14:42.722] [modloading-worker-0/INFO] [creategoggles/]: CreateGogglesForge init
[05Aug2026 09:14:42.743] [modloading-worker-0/INFO] [dev.ryanhcode.sable.Sable/]: Sable loaded!
[05Aug2026 09:14:42.773] [modloading-worker-0/INFO] [com.killian.createcobblemonintegrations.CreateCobblemonIntegrations/]: [CCI] Create Cobblemon Integrations loaded
[05Aug2026 09:14:42.777] [modloading-worker-0/WARN] [dev.ryanhcode.sable.Sable/]: NOTE: Sable is loaded with Flywheel. Sable contains extensive shader overrides and a full light-storage replacement. Expect this to cause compatibility issues. If issues arise, please report them to the Sable issue tracker (https://github.com/ryanhcode/sable/issues) instead of the Flywheel issue tracker.
[05Aug2026 09:14:44.028] [modloading-sync-worker/INFO] [com.drmangotea.tfmg.TFMG/]: [TFMG Remapper] Remapped 0 fluids
[05Aug2026 09:14:45.017] [modloading-sync-worker/INFO] [cobblemon-cards/]: Registering ModBlocks for cobblemon-cards
[05Aug2026 09:14:46.088] [modloading-sync-worker/INFO] [com.drmangotea.tfmg.TFMG/]: [TFMG Remapper] Remapped 5 blocks
[05Aug2026 09:14:46.752] [modloading-sync-worker/INFO] [com.drmangotea.tfmg.TFMG/]: [TFMG Remapper] Remapped 5 items
[05Aug2026 09:14:46.832] [modloading-sync-worker/WARN] [Moonlight/]: Failed to find child for WoodType: ars_elemental:yellow_archwood - log. Ignored! ERROR: No value present
[05Aug2026 09:14:46.853] [modloading-sync-worker/INFO] [Moonlight/]: Initialized block sets in 36ms
[05Aug2026 09:14:46.941] [modloading-sync-worker/INFO] [cobblemon-cards/]: Registering Block Entities for cobblemon-cards
[05Aug2026 09:14:47.075] [modloading-sync-worker/INFO] [cobblemon-cards/]: Registering Menu Types for cobblemon-cards
[05Aug2026 09:14:47.397] [modloading-sync-worker/INFO] [com.sudolev.dynamicvillage.profession.ProfessionRegistrar/]: [DynamicVillage] Loaded 0 profession definition(s) from config (C:\Users\vince\curseforge\minecraft\Instances\NZR Cobblemon\config\dynamicvillage\professions).
[05Aug2026 09:14:47.941] [modloading-sync-worker/INFO] [Create: Trading Floor/]: Registering Advancements for: Create: Trading Floor
[05Aug2026 09:14:48.647] [modloading-sync-worker/INFO] [io.github.lightman314.lightmanscurrency.LightmansCurrency/]: CoinsInChestModifier was deserialized!
[05Aug2026 09:14:48.647] [modloading-sync-worker/INFO] [io.github.lightman314.lightmanscurrency.LightmansCurrency/]: CoinsInChestModifier was deserialized!
[05Aug2026 09:14:49.434] [modloading-sync-worker/INFO] [PluginManager/]: Executing phase CONFIG_LOAD for plugin class FTBChunksPlugin
[05Aug2026 09:14:49.434] [modloading-sync-worker/INFO] [PluginManager/]: Executing phase CONFIG_LOAD for plugin class PatchouliPlugin
[05Aug2026 09:14:49.434] [modloading-sync-worker/INFO] [PluginManager/]: Executing phase CONFIG_LOAD for plugin class CuriosPlugin
[05Aug2026 09:14:49.796] [modloading-sync-worker/WARN] [net.neoforged.fml.config.ConfigTracker/CONFIG]: Configuration file C:\Users\vince\curseforge\minecraft\Instances\NZR Cobblemon\config\createreautomated-common.toml is not correct. Correcting
[05Aug2026 09:14:49.827] [modloading-sync-worker/INFO] [com.tom.storagemod.StorageMod/]: Loaded Tom's Simple Storage config file toms_storage-common.toml
[05Aug2026 09:14:49.912] [modloading-sync-worker/INFO] [PluginManager/]: Executing phase CONFIG_LOAD for plugin class FTBChunksPlugin
[05Aug2026 09:14:49.912] [modloading-sync-worker/INFO] [PluginManager/]: Executing phase CONFIG_LOAD for plugin class PatchouliPlugin
[05Aug2026 09:14:49.912] [modloading-sync-worker/INFO] [PluginManager/]: Executing phase CONFIG_LOAD for plugin class CuriosPlugin
[05Aug2026 09:14:49.927] [modloading-sync-worker/INFO] [PluginManager/]: Executing phase CONFIG_LOAD for plugin class FTBChunksPlugin
[05Aug2026 09:14:49.927] [modloading-sync-worker/INFO] [PluginManager/]: Executing phase CONFIG_LOAD for plugin class PatchouliPlugin
[05Aug2026 09:14:49.927] [modloading-sync-worker/INFO] [PluginManager/]: Executing phase CONFIG_LOAD for plugin class CuriosPlugin
[05Aug2026 09:14:49.937] [modloading-sync-worker/INFO] [PluginManager/]: Executing phase CONFIG_LOAD for plugin class FTBChunksPlugin
[05Aug2026 09:14:49.937] [modloading-sync-worker/INFO] [PluginManager/]: Executing phase CONFIG_LOAD for plugin class PatchouliPlugin
[05Aug2026 09:14:49.937] [modloading-sync-worker/INFO] [PluginManager/]: Executing phase CONFIG_LOAD for plugin class CuriosPlugin
[05Aug2026 09:14:49.947] [modloading-sync-worker/INFO] [PluginManager/]: Executing phase CONFIG_LOAD for plugin class FTBChunksPlugin
[05Aug2026 09:14:49.947] [modloading-sync-worker/INFO] [PluginManager/]: Executing phase CONFIG_LOAD for plugin class PatchouliPlugin
[05Aug2026 09:14:49.947] [modloading-sync-worker/INFO] [PluginManager/]: Executing phase CONFIG_LOAD for plugin class CuriosPlugin
[05Aug2026 09:14:49.957] [modloading-sync-worker/INFO] [PluginManager/]: Executing phase CONFIG_LOAD for plugin class FTBChunksPlugin
[05Aug2026 09:14:49.957] [modloading-sync-worker/INFO] [PluginManager/]: Executing phase CONFIG_LOAD for plugin class PatchouliPlugin
[05Aug2026 09:14:49.958] [modloading-sync-worker/INFO] [PluginManager/]: Executing phase CONFIG_LOAD for plugin class CuriosPlugin
[05Aug2026 09:14:49.966] [modloading-sync-worker/INFO] [PluginManager/]: Executing phase CONFIG_LOAD for plugin class FTBChunksPlugin
[05Aug2026 09:14:49.966] [modloading-sync-worker/INFO] [PluginManager/]: Executing phase CONFIG_LOAD for plugin class PatchouliPlugin
[05Aug2026 09:14:49.966] [modloading-sync-worker/INFO] [PluginManager/]: Executing phase CONFIG_LOAD for plugin class CuriosPlugin
[05Aug2026 09:14:50.049] [modloading-sync-worker/WARN] [net.neoforged.fml.config.ConfigTracker/CONFIG]: Configuration file C:\Users\vince\curseforge\minecraft\Instances\NZR Cobblemon\config\lootr-common.toml is not correct. Correcting
[05Aug2026 09:14:50.160] [modloading-sync-worker/WARN] [net.neoforged.fml.config.ConfigTracker/CONFIG]: Configuration file C:\Users\vince\curseforge\minecraft\Instances\NZR Cobblemon\config\cobblemonintegrations-common.toml is not correct. Correcting
[05Aug2026 09:14:50.455] [Render thread/INFO] [com.breakinblocks.neovitae.NeoVitae/]: Registering material pack for CLIENT_RESOURCES
[05Aug2026 09:14:50.550] [Render thread/INFO] [Moonlight/]: Merging 2 images using mode MIN_AREA_NO_UPSCALE
[05Aug2026 09:14:50.912] [Render thread/INFO] [Veil/]: GL Debug supported
[05Aug2026 09:14:50.944] [Render thread/INFO] [Sodium/]: Block minecraft:fern had its color provider replaced with com.aetherteam.aether.client.AetherColorResolvers$$Lambda/0x00000194c9532248@2dfdd2f7 and will not use per-vertex coloring
[05Aug2026 09:14:50.944] [Render thread/INFO] [Sodium/]: Block minecraft:tall_grass had its color provider replaced with com.aetherteam.aether.client.AetherColorResolvers$$Lambda/0x00000194c9532248@77f9faa6 and will not use per-vertex coloring
[05Aug2026 09:14:50.944] [Render thread/INFO] [Sodium/]: Block minecraft:short_grass had its color provider replaced with com.aetherteam.aether.client.AetherColorResolvers$$Lambda/0x00000194c9532248@1796b26 and will not use per-vertex coloring
[05Aug2026 09:14:50.944] [Render thread/INFO] [Sodium/]: Block minecraft:large_fern had its color provider replaced with com.aetherteam.aether.client.AetherColorResolvers$$Lambda/0x00000194c9532248@60ea4f61 and will not use per-vertex coloring
[05Aug2026 09:14:50.995] [Render thread/WARN] [mixin/]: Method overwrite conflict for getChildren in accessories-common.mixins.json:client.ModelPartAccessor from mod accessories, previously written by com.cobblemon.mod.common.mixin.client.ModelPartMixin. Skipping method.
[05Aug2026 09:14:50.995] [Render thread/WARN] [mixin/]: Method overwrite conflict for getChildren in journeymap.mixins.json:client.ModelPartMixin from mod journeymap, previously written by com.cobblemon.mod.common.mixin.client.ModelPartMixin. Skipping method.
[05Aug2026 09:14:51.220] [Render thread/INFO] [Iris/]: Hardware information:
[05Aug2026 09:14:51.220] [Render thread/INFO] [Iris/]: CPU: 16x AMD Ryzen 7 7700X 8-Core Processor 
[05Aug2026 09:14:51.220] [Render thread/INFO] [Iris/]: GPU: AMD Radeon RX 6900 XT (Supports OpenGL 4.6.0 Compatibility Profile Context 26.7.1.260713)
[05Aug2026 09:14:51.220] [Render thread/INFO] [Iris/]: OS: Windows 11 (10.0)
[05Aug2026 09:14:51.763] [Render thread/INFO] [de.keksuccino.fancymenu.FancyMenuNeoForgeClientEvents/]: [FANCYMENU] Registered FancyMenu's resource reload listener via NeoForge API.
[05Aug2026 09:14:52.200] [Render thread/INFO] [XaeroPlus/]: WorldTools not found. Disabling WorldTools support.
[05Aug2026 09:14:52.223] [Render thread/INFO] [XaeroPlus/]: Baritone API not found. Disabling Baritone support.
[05Aug2026 09:14:52.769] [Render thread/INFO] [mixin/]: fancymenu.mixins.json:client.IMixinRealmsNotificationsScreen from mod fancymenu->@Accessor[FIELD_GETTER]::get_trialAvailable_FancyMenu()Z should be static as its target is
[05Aug2026 09:14:52.769] [Render thread/INFO] [mixin/]: fancymenu.mixins.json:client.IMixinRealmsNotificationsScreen from mod fancymenu->@Accessor[FIELD_GETTER]::get_hasUnreadNews_FancyMenu()Z should be static as its target is
[05Aug2026 09:14:52.769] [Render thread/INFO] [mixin/]: fancymenu.mixins.json:client.IMixinRealmsNotificationsScreen from mod fancymenu->@Accessor[FIELD_GETTER]::get_hasUnseenNotifications()Z should be static as its target is
[05Aug2026 09:14:52.823] [Render thread/INFO] [mixin/]: inventoryessentials.mixins.json:CreativeModeInventoryScreenAccessor from mod inventoryessentials->@Accessor[FIELD_GETTER]::getCONTAINER()Lnet/minecraft/world/SimpleContainer; should be static as its target is
[05Aug2026 09:14:52.904] [Render thread/INFO] [net.minecraft.server.packs.resources.ReloadableResourceManager/]: Reloading ResourceManager: serilum_mod_translations, vanilla, KubeJS Virtual Resource Pack [Before Mods, assets], mod_resources, mod/sodium, mod/accessorify, mod/betterdungeons, mod/createthreadedtrains, mod/supermartijn642configlib, mod/modernworldcreation, mod/playeranimator, mod/aeronautics_bundled, mod/mcwwindows, mod/cobblemon_quests, mod/create_jetpack, mod/neoforge, mod/modernfix, mod/fabric_block_view_api_v2, mod/powah, mod/yungsapi, mod/mcwstairs, mod/maxhealthfix, mod/iris, mod/veil, mod/createreautomated, mod/cobbreeding, mod/balm, mod/prickle, mod/mangomultiblock, mod/createbetterfps, mod/jeresources, mod/chat_heads, mod/betterthanmending, mod/cloth_config, mod/supplementaries, mod/athena, mod/refinedstorage, mod/alltheores, mod/industrialforegoing, mod/chatnotify, mod/torchmaster, mod/bcc, mod/cobblenav, mod/noenchantmentcaplevel, mod/mcwtrpdoors, mod/torqueapi, mod/silentgear, mod/supermartijn642corelib, mod/yungsbridges, mod/resourcefulconfig, mod/curios, mod/trading_floor, mod/searchables, mod/cobblemon, mod/accessories, mod/cumulus_menus, mod/mcwroofs, mod/toggleable_enchantments, mod/conditional_mixin, mod/apothic_enchanting, mod/lootintegrations_ctov, mod/transition, mod/betterendisland, mod/dynamic_fps, mod/fabric_rendering_data_attachment_v1, mod/flightlib, mod/nitrogen_internals, mod/cobblemon_utility, mod/infiniverse, mod/toms_storage, mod/maxrepel, mod/bettermineshafts, mod/journeymap_api, mod/mcwlights, mod/bellsandwhistles, mod/rechiseled, mod/treeharvester, mod/jei, mod/aeronautics, mod/mekanism, mod/paxi, mod/invtweaks, mod/releaserewards, mod/mcwholidays, mod/fastasyncworldsave, mod/naturescompass, mod/epherolib, mod/lightmanscurrency, mod/glitchcore, mod/farmingforblockheads, mod/rechiseledcreate, mod/midnightlib, mod/aether_treasure_reforging, mod/fusion, mod/logbegone, mod/createschematicchecker, mod/offroad, mod/mcwpaths, mod/drippyloadingscreen, mod/smoothchunk, mod/logprot, mod/better_material, mod/create_unbreakable_tools_series, mod/create_deep_dark, mod/cobblemon_legendary_orbs, mod/unbreakable_netherite_pickaxe, mod/better_create, mod/create_creative, mod/simplebackups, mod/voicechat,voicechat_api, mod/fabric_api_base, mod/terrablender, mod/biomesoplenty, mod/longerchathistory, mod/allthemodium, mod/ohthetreesyoullgrow, mod/alltheleaks, mod/corgilib, mod/aeroblender, mod/create_aquatic_ambitions, mod/kotlinforforge, mod/dimdungeons, mod/sablecompanion, mod/flywheel, mod/ponder, mod/gravestone, mod/neovitae, mod/polymorph, mod/justenoughprofessions, mod/rgs, mod/almostunified, mod/yumi_mc_core, mod/disconnect_packet_fix, mod/createcontraptionterminals, mod/farmers_structures, mod/xaeroplus, mod/xaerominimap, mod/lambdynlights_api, mod/lootr, mod/refinedstorage_jei_integration, mod/additionalrecipes, mod/extremesoundmuffler, mod/cobblemon_cards, mod/carryme, mod/atmosphere, mod/aether_enhanced_extinguishing, mod/kuma_api, mod/merenc, mod/create_things_and_misc, mod/fabric_renderer_api_v1, mod/tim_core, mod/netherportalfix, mod/cobblefurnies, mod/codecui, mod/geckolib, mod/cobblemonraiddens, mod/ars_nouveau, mod/sauce, mod/leaderboards, mod/aether, mod/deep_aether, mod/betteroceanmonuments, mod/sophisticatedcore, mod/gpumemleakfix, mod/ntgl, mod/drill_drain, mod/xaeroworldmap, mod/betterbiomereblend, mod/prism, mod/placebo, mod/apothic_attributes, mod/fastfurnace, mod/lootintegrations, mod/lambdynlights, mod/ore_distribution_scanner, mod/gravestonecurioscompat, mod/bookshelf, mod/numismatics, mod/berrypouch, mod/simulated, mod/sophisticatedbackpacks, mod/relics, mod/mcwdoors, mod/nuggets, mod/lootintegrations_structory, mod/carryon, mod/melody, mod/baguettelib, mod/pride, mod/fzzy_config, mod/mob_grinding_utils, mod/konkrete, mod/create_connected, mod/farmersdelight, mod/mynethersdelight, mod/mcwbridges, mod/createframed, mod/cobblemonintegrations, mod/simpletms, mod/create_ultimate_factory, mod/mcwfences, mod/fishontheline, mod/leaky, mod/patchouli, mod/croptopia, mod/farmers_croptopia, mod/sophisticatedstoragecreateintegration, mod/collective, mod/spawn_chaining, mod/elevatorid, mod/ftbultimine, mod/creatorsword, mod/aether_emissivity, mod/create_hypertube, mod/createliquidfuel, mod/enhancedcelestials2core, mod/enhancedcelestials2defaultlunarevents, mod/lootjs, mod/deeperdarker, mod/architectury, mod/nerb, mod/fightorflight, mod/more_cobblemon_tweaks, mod/ftblibrary, mod/wands, mod/cobblemon_trainers_backpack, mod/ftbfiltersystem, mod/rctapi, mod/findme, mod/ftbteams, mod/ftbquests, mod/cobblemon_incubator, mod/ftbranks, mod/ftbessentials, mod/cobblemonchallenge, mod/lambdynlights_runtime, mod/aiimprovements, mod/cupboard, mod/refurbished_furniture, mod/lightoverlay, mod/inventoryessentials, mod/framework, mod/catchindicator, mod/dataanchor, mod/rhino, mod/kubejs, mod/neovitaekjs, mod/voidminersremastered, mod/owo, mod/mr_ore_veinminer, mod/cobblemonpcplus, mod/sophisticatedstorage, mod/ftbpmapi, mod/octolib, mod/copycats, mod/pkgbadges, mod/rctmod, mod/biomeswevegone, mod/metalbarrels, mod/xaerolib, mod/commonnetworking, mod/accessories_compat_layer,tclayer,cclayer, mod/totemfactory, mod/trender, mod/create_copper_and_zinc, mod/create, mod/create_integrated_farming, mod/createcasing, mod/creategoggles, mod/createoplenty, mod/smart_bounds, mod/sliceanddice, mod/cgs, mod/dndesires, mod/create_sophback_compat, mod/northstar, mod/sable, mod/createmechanicalcompanion, mod/kubejs_create, mod/portable_engine_liquid_fuel, mod/interiors, mod/aeronauticscompat, mod/someassemblyrequired, mod/create_mekanism_compat, mod/cobbled_counter, mod/unchained, mod/create_dragons_plus, mod/create_central_kitchen, mod/create_winery, mod/waystones, mod/playerxp, mod/fastsuite, mod/journeymap, mod/create_ltab, mod/artifacts, mod/ali, mod/configured, mod/escalated, mod/aggroindicator, mod/leveltools, mod/guideme, mod/explorerscompass, mod/bobberdetector, mod/fireworkcapsules, mod/akashictome, mod/skinlayers3d, mod/ftbchunks, mod/ftbxmodcompat, mod/tfmg, mod/mega_showdown, mod/pp_legendarydungeons, mod/enchdesc, mod/moonlight, mod/apothic_spawners, mod/apotheosis, mod/toolbelt, mod/titanium, mod/silentlib, mod/createcobblemonintegrations, mod/jade, mod/createreautomatedtraces, mod/lootintegrations_yungs, mod/cobblemonsizevariation, mod/cobblemore_lib, mod/cobblemon_industries, mod/iceberg, mod/advancementplaques, mod/legendarytooltips, mod/capture_xp, mod/create_sa, mod/cri, mod/fastbench, mod/spruceui, mod/ycurrenci, mod/ars_elemental, mod/arsshiny, mod/armoroftheages, mod/cobblepedia, mod/betterchunkloading, mod/betterarcheology, mod/dynamicvillage, mod/buildinggadgets2, mod/modonomicon, mod/fancymenu, mod/betteradvancedtooltips, mod/create_pattern_schematics, mod/ferritecore, mod/yet_another_config_lib_v3, mod/functionalstorage, mod/moredragoneggs, mod/packetfixer, mod/badoptimizations, mod/expandability, mod/create_enchantment_industry, mod/sophisticatedstorageinmotion, mod/createaddition, moonlight:merged_pack, builtin/overrides/deep_aether_emissivity, file/dCIM 1.0.4.zip, KubeJS Virtual Resource Pack [Internal, assets], KubeJS Virtual Resource Pack [After Mods, assets], KubeJS File Resource Pack [assets], file/RCT Trainers+ [1.6] v2.1.zip, coloredeggs, mod/cobblemon:resourcepacks/regionbiasforms, mod/mega_showdown:resourcepacks/regionbiasmsd, neovitae_materials, builtin/emissivity_model_override, pasturefix, KubeJS Virtual Resource Pack [Last, assets]
[05Aug2026 09:14:52.965] [Render thread/INFO] [de.keksuccino.fancymenu.customization.ScreenCustomization/]: [FANCYMENU] Initializing screen customization engine! Addons should NOT REGISTER TO REGISTRIES anymore now!
[05Aug2026 09:14:52.989] [Worker-ResourceReload-0/INFO] [Moonlight/]: Resource cache state for CLIENT_RESOURCES: needs regeneration
[05Aug2026 09:14:52.990] [Worker-ResourceReload-0/INFO] [Moonlight/]: Deleting directory: C:\Users\vince\curseforge\minecraft\Instances\NZR Cobblemon\dynamic-resource-pack-cache\supplementaries-generated_pack
[05Aug2026 09:14:52.994] [Worker-ResourceReload-0/INFO] [Moonlight/]: Cleared cache pack resources at C:\Users\vince\curseforge\minecraft\Instances\NZR Cobblemon\dynamic-resource-pack-cache\supplementaries-generated_pack in 4.142 ms
[05Aug2026 09:14:52.994] [Worker-ResourceReload-0/INFO] [Moonlight/]: Starting runtime resource generation for pack type CLIENT_RESOURCES with generators [moonlight:dynamic_resources, supplementaries:generated_pack]
[05Aug2026 09:14:53.015] [Worker-ResourceReload-0/INFO] [Moonlight/]: Regenerating Dynamic CLIENT_RESOURCES Resources Provider [moonlight:dynamic_resources], requested by strategy REGEN_ON_EVERY_RELOAD
[05Aug2026 09:14:53.026] [Worker-ResourceReload-0/INFO] [Moonlight/]: Generated runtime CLIENT_RESOURCES for pack moonlight:dynamic_resources in 10.88 ms
[05Aug2026 09:14:53.031] [Worker-ResourceReload-0/INFO] [Moonlight/]: Regenerating Dynamic CLIENT_RESOURCES Resources Provider [supplementaries:generated_pack], requested by strategy CACHED_FOLDER
[05Aug2026 09:14:53.379] [Worker-ResourceReload-0/INFO] [Moonlight/]: Generated runtime CLIENT_RESOURCES for pack supplementaries:generated_pack in 348.5 ms
[05Aug2026 09:14:53.392] [Worker-ResourceReload-0/INFO] [Moonlight/]: Populated search tree for pack at C:\Users\vince\curseforge\minecraft\Instances\NZR Cobblemon\dynamic-resource-pack-cache\supplementaries-generated_pack in 11.93 ms
[05Aug2026 09:14:53.404] [Worker-ResourceReload-0/INFO] [Moonlight/]: Finished runtime resources generation for 2 packs in a total of 410.4 ms 
[05Aug2026 09:14:53.738] [Render thread/INFO] [net.minecraft.client.gui.screens.LoadingOverlay/]: [DRIPPY LOADING SCREEN] Initializing fonts for text rendering..
[05Aug2026 09:14:53.742] [Render thread/INFO] [de.keksuccino.fancymenu.customization.layer.ScreenCustomizationLayerHandler/]: [FANCYMENU] ScreenCustomizationLayer registered: drippy_loading_overlay
[05Aug2026 09:14:53.863] [Render thread/INFO] [de.keksuccino.fancymenu.FancyMenu/]: [FANCYMENU] Starting late client initialization phase..
[05Aug2026 09:14:53.981] [Render thread/INFO] [de.keksuccino.konkrete.Konkrete/]: [KONKRETE] Client-side modules initialized and ready to use!
[05Aug2026 09:14:53.987] [Render thread/INFO] [KubeJS/]: Added bindings for script type CLIENT from mod 'almostunified': [AlmostUnified]
[05Aug2026 09:14:53.987] [Render thread/INFO] [KubeJS Client/]: Client resource reload complete!
[05Aug2026 09:14:54.066] [Worker-ResourceReload-5/ERROR] [dev.ftb.mods.ftblibrary.icon.EntityIconLoader/]: Entity artifacts:mimic is using legacy invisible texture, please update it to use the new system!
[05Aug2026 09:14:54.076] [Worker-ResourceReload-5/WARN] [GeckoLib/]: Found animation file with improper file name format; animation files should end in .animation.json: 'ars_nouveau:animations/alteration_apparatus_animations.json'
[05Aug2026 09:14:54.076] [Worker-ResourceReload-1/WARN] [GeckoLib/]: Found animation file with improper file name format; animation files should end in .animation.json: 'ars_nouveau:animations/alchemical_sourcelink_animation.json'
[05Aug2026 09:14:54.076] [Worker-ResourceReload-7/WARN] [GeckoLib/]: Found animation file with improper file name format; animation files should end in .animation.json: 'ars_nouveau:animations/animated_block_animations.json'
[05Aug2026 09:14:54.076] [Worker-ResourceReload-2/WARN] [GeckoLib/]: Found animation file with improper file name format; animation files should end in .animation.json: 'ars_nouveau:animations/arcane_core_animations.json'
[05Aug2026 09:14:54.076] [Worker-ResourceReload-6/WARN] [GeckoLib/]: Found animation file with improper file name format; animation files should end in .animation.json: 'ars_nouveau:animations/agronomic_sourcelink_animation.json'
[05Aug2026 09:14:54.076] [Worker-ResourceReload-0/WARN] [GeckoLib/]: Found animation file with improper file name format; animation files should end in .animation.json: 'ars_nouveau:animations/amethyst_golem_animations.json'
[05Aug2026 09:14:54.076] [Worker-ResourceReload-11/WARN] [GeckoLib/]: Found animation file with improper file name format; animation files should end in .animation.json: 'ars_nouveau:animations/basic_spell_turret_animations.json'
[05Aug2026 09:14:54.076] [Worker-ResourceReload-10/WARN] [GeckoLib/]: Found animation file with improper file name format; animation files should end in .animation.json: 'ars_nouveau:animations/arcane_pedestal_animations.json'
[05Aug2026 09:14:54.081] [Render thread/INFO] [mega_showdown/]: Loaded 35 custom rendering entries
[05Aug2026 09:14:54.089] [Render thread/INFO] [mega_showdown/]: Loaded 8 custom layer data
[05Aug2026 09:14:54.095] [Render thread/INFO] [mega_showdown/]: Loaded 19 custom tera map
[05Aug2026 09:14:54.133] [Worker-ResourceReload-3/WARN] [GeckoLib/]: Unsupported geometry json version: 1.21.0 for model northstar:geo/entity/moon_lunar_hydra.geo.json. Supported versions: 1.12.0. Remove any rotated face UVs and re-export the model to fix
[05Aug2026 09:14:54.133] [Worker-ResourceReload-14/WARN] [GeckoLib/]: Unsupported geometry json version: 1.21.0 for model northstar:geo/entity/moon_snail.geo.json. Supported versions: 1.12.0. Remove any rotated face UVs and re-export the model to fix
[05Aug2026 09:14:54.142] [Worker-ResourceReload-14/WARN] [GeckoLib/]: Unsupported geometry json version for model cgs:geo/projectile/small_rocket.geo.json. Supported versions: 1.12.0
[05Aug2026 09:14:54.148] [Worker-ResourceReload-11/WARN] [GeckoLib/]: Found animation file with improper file name format; animation files should end in .animation.json: 'ars_nouveau:animations/book_wyrm_lectern_animations.json'
[05Aug2026 09:14:54.148] [Worker-ResourceReload-6/WARN] [GeckoLib/]: Found animation file with improper file name format; animation files should end in .animation.json: 'ars_nouveau:animations/empty.json'
[05Aug2026 09:14:54.148] [Worker-ResourceReload-2/WARN] [GeckoLib/]: Found animation file with improper file name format; animation files should end in .animation.json: 'ars_nouveau:animations/book_wyrm_animation.json'
[05Aug2026 09:14:54.148] [Worker-ResourceReload-1/WARN] [GeckoLib/]: Found animation file with improper file name format; animation files should end in .animation.json: 'ars_nouveau:animations/drygmy_animations.json'
[05Aug2026 09:14:54.148] [Worker-ResourceReload-10/WARN] [GeckoLib/]: Found animation file with improper file name format; animation files should end in .animation.json: 'ars_nouveau:animations/decor_blossom_animations.json'
[05Aug2026 09:14:54.148] [Worker-ResourceReload-2/WARN] [GeckoLib/]: Found animation file with improper file name format; animation files should end in .animation.json: 'ars_nouveau:animations/enchanting_apparatus_animations.json'
[05Aug2026 09:14:54.154] [Worker-ResourceReload-3/WARN] [GeckoLib/]: Unsupported geometry json version for model ntgl:geo/weapons/deathclaw_gauntlet.geo.json. Supported versions: 1.12.0
[05Aug2026 09:14:54.156] [Worker-ResourceReload-14/WARN] [GeckoLib/]: Unsupported geometry json version for model ntgl:geo/weapons/fatman.geo.json. Supported versions: 1.12.0
[05Aug2026 09:14:54.157] [Worker-ResourceReload-12/WARN] [GeckoLib/]: Unsupported geometry json version for model cgs:geo/weapons/blazegun.geo.json. Supported versions: 1.12.0
[05Aug2026 09:14:54.158] [Worker-ResourceReload-13/WARN] [GeckoLib/]: Unsupported geometry json version for model cgs:geo/weapons/frag_grenade.geo.json. Supported versions: 1.12.0
[05Aug2026 09:14:54.160] [Worker-ResourceReload-3/WARN] [GeckoLib/]: Unsupported geometry json version for model ntgl:geo/weapons/flamethrower.geo.json. Supported versions: 1.12.0
[05Aug2026 09:14:54.163] [Worker-ResourceReload-3/WARN] [GeckoLib/]: Unsupported geometry json version for model ntgl:geo/weapons/grenade.geo.json. Supported versions: 1.12.0
[05Aug2026 09:14:54.164] [Worker-ResourceReload-8/WARN] [GeckoLib/]: Unsupported geometry json version for model ntgl:geo/weapons/classic10mm.geo.json. Supported versions: 1.12.0
[05Aug2026 09:14:54.164] [Worker-ResourceReload-13/WARN] [GeckoLib/]: Unsupported geometry json version for model cgs:geo/weapons/gatling.geo.json. Supported versions: 1.12.0
[05Aug2026 09:14:54.164] [Worker-ResourceReload-14/WARN] [GeckoLib/]: Unsupported geometry json version for model cgs:geo/weapons/flintlock.geo.json. Supported versions: 1.12.0
[05Aug2026 09:14:54.166] [Worker-ResourceReload-3/WARN] [GeckoLib/]: Unsupported geometry json version for model cgs:geo/weapons/hammer.geo.json. Supported versions: 1.12.0
[05Aug2026 09:14:54.166] [Worker-ResourceReload-12/WARN] [GeckoLib/]: Unsupported geometry json version for model ntgl:geo/weapons/gatling.geo.json. Supported versions: 1.12.0
[05Aug2026 09:14:54.167] [Worker-ResourceReload-13/WARN] [GeckoLib/]: Unsupported geometry json version for model ntgl:geo/weapons/hammer.geo.json. Supported versions: 1.12.0
[05Aug2026 09:14:54.173] [Worker-ResourceReload-3/WARN] [GeckoLib/]: Unsupported geometry json version for model cgs:geo/weapons/nailgun.geo.json. Supported versions: 1.12.0
[05Aug2026 09:14:54.177] [Worker-ResourceReload-3/WARN] [GeckoLib/]: Unsupported geometry json version for model ntgl:geo/weapons/powdergun.geo.json. Supported versions: 1.12.0
[05Aug2026 09:14:54.178] [Worker-ResourceReload-14/WARN] [GeckoLib/]: Unsupported geometry json version for model ntgl:geo/weapons/minigun.geo.json. Supported versions: 1.12.0
[05Aug2026 09:14:54.180] [Worker-ResourceReload-13/WARN] [GeckoLib/]: Unsupported geometry json version for model ntgl:geo/weapons/pistol10mm.geo.json. Supported versions: 1.12.0
[05Aug2026 09:14:54.181] [Worker-ResourceReload-14/WARN] [GeckoLib/]: Unsupported geometry json version: 1.21.0 for model ntgl:geo/weapons/rpg.geo.json. Supported versions: 1.12.0. Remove any rotated face UVs and re-export the model to fix
[05Aug2026 09:14:54.184] [Worker-ResourceReload-7/WARN] [GeckoLib/]: Found animation file with improper file name format; animation files should end in .animation.json: 'ars_nouveau:animations/imbuement_chamber_animations.json'
[05Aug2026 09:14:54.185] [Worker-ResourceReload-3/WARN] [GeckoLib/]: Unsupported geometry json version for model cgs:geo/weapons/revolver.geo.json. Supported versions: 1.12.0
[05Aug2026 09:14:54.186] [Worker-ResourceReload-12/WARN] [GeckoLib/]: Unsupported geometry json version for model ntgl:geo/weapons/revolver.geo.json. Supported versions: 1.12.0
[05Aug2026 09:14:54.186] [Worker-ResourceReload-3/WARN] [GeckoLib/]: Unsupported geometry json version for model ntgl:geo/weapons/stun_grenade.geo.json. Supported versions: 1.12.0
[05Aug2026 09:14:54.187] [Worker-ResourceReload-13/WARN] [GeckoLib/]: Unsupported geometry json version for model cgs:geo/weapons/shotgun.geo.json. Supported versions: 1.12.0
[05Aug2026 09:14:54.188] [Worker-ResourceReload-1/WARN] [GeckoLib/]: Found animation file with improper file name format; animation files should end in .animation.json: 'pkgbadges:animations/korrina_idle_animation.json'
[05Aug2026 09:14:54.189] [Worker-ResourceReload-14/WARN] [GeckoLib/]: Unsupported geometry json version for model ntgl:geo/weapons/shotgun.geo.json. Supported versions: 1.12.0
[05Aug2026 09:14:54.189] [Worker-ResourceReload-1/WARN] [GeckoLib/]: Found animation file with improper file name format; animation files should end in .animation.json: 'ars_nouveau:animations/lily_animations.json'
[05Aug2026 09:14:54.190] [Worker-ResourceReload-8/WARN] [GeckoLib/]: Unsupported geometry json version for model cgs:geo/weapons/launcher.geo.json. Supported versions: 1.12.0
[05Aug2026 09:14:54.191] [Worker-ResourceReload-13/WARN] [GeckoLib/]: Found animation file with improper file name format; animation files should end in .animation.json: 'ars_nouveau:animations/mana_relay_animation.json'
[05Aug2026 09:14:54.191] [Worker-ResourceReload-12/WARN] [GeckoLib/]: Found animation file with improper file name format; animation files should end in .animation.json: 'ars_nouveau:animations/mana_splitter_animation.json'
[05Aug2026 09:14:54.192] [Worker-ResourceReload-12/WARN] [GeckoLib/]: Found animation file with improper file name format; animation files should end in .animation.json: 'ars_nouveau:animations/nook_animation.json'
[05Aug2026 09:14:54.195] [Worker-ResourceReload-8/WARN] [GeckoLib/]: Found animation file with improper file name format; animation files should end in .animation.json: 'ars_nouveau:animations/potion_melder_animation.json'
[05Aug2026 09:14:54.195] [Worker-ResourceReload-8/WARN] [GeckoLib/]: Found animation file with improper file name format; animation files should end in .animation.json: 'ars_nouveau:animations/press_animations.json'
[05Aug2026 09:14:54.197] [Worker-ResourceReload-8/WARN] [GeckoLib/]: Found animation file with improper file name format; animation files should end in .animation.json: 'ars_nouveau:animations/redstone_relay_animations.json'
[05Aug2026 09:14:54.197] [Worker-ResourceReload-8/WARN] [GeckoLib/]: Found animation file with improper file name format; animation files should end in .animation.json: 'ars_nouveau:animations/ritual.json'
[05Aug2026 09:14:54.248] [Worker-ResourceReload-0/WARN] [GeckoLib/]: Found animation file with improper file name format; animation files should end in .animation.json: 'ars_nouveau:animations/rune.json'
[05Aug2026 09:14:54.249] [Worker-ResourceReload-11/WARN] [GeckoLib/]: Found animation file with improper file name format; animation files should end in .animation.json: 'ars_nouveau:animations/scribes_table_animations.json'
[05Aug2026 09:14:54.249] [Worker-ResourceReload-8/WARN] [GeckoLib/]: Found animation file with improper file name format; animation files should end in .animation.json: 'ars_nouveau:animations/scryers_eye_animation.json'
[05Aug2026 09:14:54.249] [Worker-ResourceReload-8/WARN] [GeckoLib/]: Found animation file with improper file name format; animation files should end in .animation.json: 'ars_nouveau:animations/source_deposit_animations.json'
[05Aug2026 09:14:54.249] [Worker-ResourceReload-5/WARN] [GeckoLib/]: Found animation file with improper file name format; animation files should end in .animation.json: 'ars_nouveau:animations/source_collector_animations.json'
[05Aug2026 09:14:54.249] [Worker-ResourceReload-2/WARN] [GeckoLib/]: Found animation file with improper file name format; animation files should end in .animation.json: 'ars_nouveau:animations/source_relay_animations.json'
[05Aug2026 09:14:54.249] [Worker-ResourceReload-7/WARN] [GeckoLib/]: Found animation file with improper file name format; animation files should end in .animation.json: 'ars_nouveau:animations/source_splitter_animations.json'
[05Aug2026 09:14:54.250] [Worker-ResourceReload-0/WARN] [GeckoLib/]: Found animation file with improper file name format; animation files should end in .animation.json: 'ars_nouveau:animations/source_warp_animations.json'
[05Aug2026 09:14:54.250] [Worker-ResourceReload-6/WARN] [GeckoLib/]: Found animation file with improper file name format; animation files should end in .animation.json: 'ars_nouveau:animations/spell_turret_animations.json'
[05Aug2026 09:14:54.250] [Worker-ResourceReload-8/WARN] [GeckoLib/]: Found animation file with improper file name format; animation files should end in .animation.json: 'ars_nouveau:animations/spell_turret_timer_animations.json'
[05Aug2026 09:14:54.250] [Worker-ResourceReload-2/WARN] [GeckoLib/]: Found animation file with improper file name format; animation files should end in .animation.json: 'ars_nouveau:animations/spike_animations.json'
[05Aug2026 09:14:54.250] [Worker-ResourceReload-7/WARN] [GeckoLib/]: Found animation file with improper file name format; animation files should end in .animation.json: 'ars_nouveau:animations/storage_catalog_animations.json'
[05Aug2026 09:14:54.250] [Worker-ResourceReload-6/WARN] [GeckoLib/]: Found animation file with improper file name format; animation files should end in .animation.json: 'ars_nouveau:animations/starbuncle_animations.json'
[05Aug2026 09:14:54.250] [Worker-ResourceReload-5/WARN] [GeckoLib/]: Found animation file with improper file name format; animation files should end in .animation.json: 'ars_nouveau:animations/volcanic_sourcelink_animations.json'
[05Aug2026 09:14:54.250] [Worker-ResourceReload-2/WARN] [GeckoLib/]: Found animation file with improper file name format; animation files should end in .animation.json: 'ars_nouveau:animations/wand_animation.json'
[05Aug2026 09:14:54.250] [Worker-ResourceReload-8/WARN] [GeckoLib/]: Found animation file with improper file name format; animation files should end in .animation.json: 'ars_nouveau:animations/weald_waddler_animations.json'
[05Aug2026 09:14:54.250] [Worker-ResourceReload-0/WARN] [GeckoLib/]: Found animation file with improper file name format; animation files should end in .animation.json: 'ars_nouveau:animations/weald_walker_animations.json'
[05Aug2026 09:14:54.250] [Worker-ResourceReload-9/WARN] [GeckoLib/]: Found animation file with improper file name format; animation files should end in .animation.json: 'ars_nouveau:animations/vitalic_sourcelink_animation.json'
[05Aug2026 09:14:54.256] [Worker-ResourceReload-6/WARN] [GeckoLib/]: Found animation file with improper file name format; animation files should end in .animation.json: 'ars_nouveau:animations/whirlisprig_animations.json'
[05Aug2026 09:14:54.256] [Worker-ResourceReload-11/WARN] [GeckoLib/]: Found animation file with improper file name format; animation files should end in .animation.json: 'ars_nouveau:animations/whirlisprig_blossom_animations.json'
[05Aug2026 09:14:54.256] [Worker-ResourceReload-11/WARN] [GeckoLib/]: Found animation file with improper file name format; animation files should end in .animation.json: 'ars_nouveau:animations/wilden_chimera_animations.json'
[05Aug2026 09:14:54.256] [Worker-ResourceReload-10/WARN] [GeckoLib/]: Found animation file with improper file name format; animation files should end in .animation.json: 'ars_nouveau:animations/wilden_defender_animations.json'
[05Aug2026 09:14:54.256] [Worker-ResourceReload-6/WARN] [GeckoLib/]: Found animation file with improper file name format; animation files should end in .animation.json: 'ars_nouveau:animations/wilden_hunter_animations.json'
[05Aug2026 09:14:54.257] [Worker-ResourceReload-4/WARN] [GeckoLib/]: Found animation file with improper file name format; animation files should end in .animation.json: 'ars_nouveau:animations/wilden_stalker_animations.json'
[05Aug2026 09:14:54.257] [Worker-ResourceReload-7/WARN] [GeckoLib/]: Found animation file with improper file name format; animation files should end in .animation.json: 'ars_nouveau:animations/wixie_animations.json'
[05Aug2026 09:14:54.264] [Worker-ResourceReload-2/INFO] [PluginManager/]: Executing phase COMMON_SETUP for plugin class FTBChunksPlugin
[05Aug2026 09:14:54.264] [Worker-ResourceReload-2/INFO] [PluginManager/]: Executing phase COMMON_SETUP for plugin class PatchouliPlugin
[05Aug2026 09:14:54.264] [Worker-ResourceReload-2/INFO] [PluginManager/]: Executing phase COMMON_SETUP for plugin class CuriosPlugin
[05Aug2026 09:14:54.264] [Worker-ResourceReload-11/INFO] [voicechat/]: [voicechat] Compatibility version 20
[05Aug2026 09:14:54.274] [NeoForge Version Check/INFO] [net.neoforged.fml.VersionChecker/]: [mcwwindows] Starting version check at https://raw.githubusercontent.com/sketchmacaw/macawsmods/master/window.json
[05Aug2026 09:14:54.276] [Worker-ResourceReload-5/INFO] [dev.wuffs.bcc.BetterCompatibilityChecker/]: Better Compatibility Checker setup
[05Aug2026 09:14:54.277] [Worker-ResourceReload-1/INFO] [com.cobblemon.mod.common.Cobblemon/]: Initializing...
[05Aug2026 09:14:54.278] [Cobblemon Showdown/INFO] [com.cobblemon.mod.common.Cobblemon/]: Starting showdown service...
[05Aug2026 09:14:54.281] [Worker-ResourceReload-5/INFO] [dev.wuffs.bcc.neoforge.BetterCompatibilityCheckerNeoForge/]: Loaded BetterCompatibilityChecker - Modpack: CHANGE_ME | Version: CHANGE_ME
[05Aug2026 09:14:54.284] [Worker-ResourceReload-4/INFO] [com.tom.storagemod.StorageMod/]: Tom's Storage Setup starting
[05Aug2026 09:14:54.297] [Worker-ResourceReload-4/INFO] [mekanism.common.Mekanism/]: Version 10.7.19 initializing...
[05Aug2026 09:14:54.320] [NeoForge Version Check/INFO] [net.neoforged.fml.VersionChecker/]: [mcwwindows] Found status: UP_TO_DATE Current: 2.4.2 Target: null
[05Aug2026 09:14:54.321] [NeoForge Version Check/INFO] [net.neoforged.fml.VersionChecker/]: [cobblemon_quests] Starting version check at https://raw.githubusercontent.com/WinterWolfSV/Cobblemon_Quests/master/neoforge/src/main/resources/META-INF/forge_mod_versions.json
[05Aug2026 09:14:54.324] [Worker-ResourceReload-4/INFO] [mekanism.common.Mekanism/]: Initialized HolidayManager.
[05Aug2026 09:14:54.324] [Worker-ResourceReload-7/WARN] [net.minecraft.client.sounds.SoundManager/]: File cobblemon:sounds/pokemon/ponyta/galarian_ponyta_cry.ogg does not exist, cannot add it to event cobblemon:pokemon.ponyta_galar.cry
[05Aug2026 09:14:54.328] [Worker-ResourceReload-7/WARN] [net.minecraft.client.sounds.SoundManager/]: File deep_aether:sounds/entity/eots/fight.ogg does not exist, cannot add it to event deep_aether:music.boss.eots
[05Aug2026 09:14:54.328] [Worker-ResourceReload-7/WARN] [net.minecraft.client.sounds.SoundManager/]: File cgs:sounds/gun/revolver/fire/fire_01.ogg does not exist, cannot add it to event cgs:gun.revolver.fire
[05Aug2026 09:14:54.329] [Worker-ResourceReload-7/WARN] [net.minecraft.client.sounds.SoundManager/]: File cgs:sounds/gun/shotgun/fire/fire_03.ogg does not exist, cannot add it to event cgs:gun.shotgun.fire
[05Aug2026 09:14:54.331] [Cobblemon Showdown/INFO] [mega_showdown/]: Showdown files are up to date (v1.2.2).
[05Aug2026 09:14:54.337] [Worker-ResourceReload-10/INFO] [com.logprot.Logprot/]: Shields up!
[05Aug2026 09:14:54.346] [Worker-ResourceReload-7/WARN] [net.minecraft.client.sounds.SoundManager/]: File neovitae:sounds/blood_siphon2.ogg does not exist, cannot add it to event neovitae:blood_siphon
[05Aug2026 09:14:54.346] [Worker-ResourceReload-7/WARN] [net.minecraft.client.sounds.SoundManager/]: File neovitae:sounds/blood_siphon3.ogg does not exist, cannot add it to event neovitae:blood_siphon
[05Aug2026 09:14:54.347] [Worker-ResourceReload-7/WARN] [net.minecraft.client.sounds.SoundManager/]: File neovitae:sounds/blood_siphon4.ogg does not exist, cannot add it to event neovitae:blood_siphon
[05Aug2026 09:14:54.349] [Worker-ResourceReload-7/WARN] [net.minecraft.client.sounds.SoundManager/]: File ntgl:sounds/item/assault_rifle/cock.ogg does not exist, cannot add it to event ntgl:item.assault_rifle.cock
[05Aug2026 09:14:54.349] [Worker-ResourceReload-7/WARN] [net.minecraft.client.sounds.SoundManager/]: File ntgl:sounds/item/bazooka/fire.ogg does not exist, cannot add it to event ntgl:item.bazooka.fire
[05Aug2026 09:14:54.363] [Worker-ResourceReload-4/INFO] [mekanism.common.Mekanism/]: Fake player readout: UUID = 46e82cd0-d480-3d48-800a-77431ede078e, name = [Mekanism]
[05Aug2026 09:14:54.363] [Worker-ResourceReload-4/INFO] [mekanism.common.Mekanism/]: Mod loaded.
[05Aug2026 09:14:54.390] [Worker-ResourceReload-5/INFO] [com.tom.createterminal.CreateTerminals/]: Create Contraption Terminals starting
[05Aug2026 09:14:54.443] [Worker-ResourceReload-5/INFO] [com.gpumemleakfix.Gpumemleakfix/]: gpumemleakfix mod initialized
[05Aug2026 09:14:54.446] [Worker-ResourceReload-9/INFO] [net.minecraft.client.gui.font.providers.UnihexProvider/]: Found unifont_all_no_pua-15.1.05.hex, loading
[05Aug2026 09:14:54.449] [Worker-ResourceReload-10/INFO] [com.lootintegrations.LootintegrationsMod/]: lootintegrations mod initialized
[05Aug2026 09:14:54.459] [Worker-ResourceReload-11/INFO] [voicechat/]: [voicechat] Loading plugins
[05Aug2026 09:14:54.460] [NeoForge Version Check/INFO] [net.neoforged.fml.VersionChecker/]: [cobblemon_quests] Found status: BETA Current: 1.2.0 Target: null
[05Aug2026 09:14:54.460] [NeoForge Version Check/INFO] [net.neoforged.fml.VersionChecker/]: [create_jetpack] Starting version check at https://api.modrinth.com/updates/create-jetpack/forge_updates.json?neoforge=only
[05Aug2026 09:14:54.489] [Worker-ResourceReload-4/INFO] [com.arcaryx.cobblemonintegrations.CobblemonIntegrations/]: Cobblemon Integrations Init
[05Aug2026 09:14:54.502] [Worker-ResourceReload-11/INFO] [voicechat/]: [voicechat] Loaded 0 plugin(s)
[05Aug2026 09:14:54.502] [Worker-ResourceReload-11/INFO] [voicechat/]: [voicechat] Initializing plugins
[05Aug2026 09:14:54.502] [Worker-ResourceReload-11/INFO] [voicechat/]: [voicechat] Initialized 0 plugin(s)
[05Aug2026 09:14:54.512] [Worker-ResourceReload-2/INFO] [com.jarrettonesource.createmekanismcompat.CreateMekanismCompat/]: Create Aeronautics: Mekanism Compatibility loaded
[05Aug2026 09:14:54.512] [Worker-ResourceReload-2/INFO] [sh.rsap.aeronauticscompat.AeronauticsCompat/]: [AeronauticsCompat] Sable=true Etched=false WaterFrames=false Citadel=false
[05Aug2026 09:14:54.518] [Worker-ResourceReload-6/INFO] [com.cupboard.Cupboard/]: Loaded config for: leaky.json
[05Aug2026 09:14:54.518] [Worker-ResourceReload-6/INFO] [com.leaky.Leaky/]: leaky mod initialized
[05Aug2026 09:14:54.538] [Render thread/ERROR] [net.minecraft.Util/]: Invalid path in pack: create_things_and_misc:textures/item/vibration_mechanism2 copie.png, ignoring
[05Aug2026 09:14:54.578] [Worker-ResourceReload-6/INFO] [com.yanny.ali.neoforge.platform.NeoForgePlatformHelper/]: Registered ALI plugin [ali] com.yanny.ali.plugin.Plugin
[05Aug2026 09:14:54.581] [Worker-ResourceReload-2/INFO] [xaero.lib.XaeroLib/]: Loading XaeroLib common 1/2!
[05Aug2026 09:14:54.582] [Worker-ResourceReload-6/INFO] [com.yanny.ali.neoforge.platform.NeoForgePlatformHelper/]: Registered ALI plugin [farmersdelight] com.yanny.ali.neoforge.plugin.mods.farmers_delight.Plugin
[05Aug2026 09:14:54.588] [Worker-ResourceReload-6/INFO] [com.yanny.ali.neoforge.platform.NeoForgePlatformHelper/]: Registered ALI plugin [neoforge] com.yanny.ali.neoforge.plugin.NeoForgePlugin
[05Aug2026 09:14:54.591] [Worker-ResourceReload-6/INFO] [com.yanny.ali.neoforge.platform.NeoForgePlatformHelper/]: Registered ALI plugin [lootjs] com.yanny.ali.lootjs.LootJsPlugin
[05Aug2026 09:14:54.593] [Worker-ResourceReload-5/INFO] [journeymap/]: Loaded null for service interface journeymap.api.services.WebMapService
[05Aug2026 09:14:54.593] [Worker-ResourceReload-6/INFO] [com.yanny.ali.neoforge.platform.NeoForgePlatformHelper/]: Found 4 plugin(s)
[05Aug2026 09:14:54.593] [Worker-ResourceReload-6/INFO] [com.yanny.aci.manager.CorePluginManager/]: Registering common plugin data...
[05Aug2026 09:14:54.597] [Worker-ResourceReload-5/INFO] [journeymap/]: Loaded journeymap.common.helpers.NeoForgeClientHooks@306ef442 for service interface journeymap.api.services.ClientPlatformService
[05Aug2026 09:14:54.604] [Worker-ResourceReload-5/INFO] [journeymap/]: Loaded journeymap.common.helpers.NeoForgeHooks@26a81161 for service interface journeymap.api.services.CommonPlatformService
[05Aug2026 09:14:54.607] [Worker-ResourceReload-6/INFO] [com.yanny.ali.configuration.ConfigUtils/]: Loading configuration file C:\Users\vince\curseforge\minecraft\Instances\NZR Cobblemon\config\ali\ali_common.json
[05Aug2026 09:14:54.619] [NeoForge Version Check/INFO] [net.neoforged.fml.VersionChecker/]: [create_jetpack] Found status: UP_TO_DATE Current: 5.2.1 Target: null
[05Aug2026 09:14:54.619] [NeoForge Version Check/INFO] [net.neoforged.fml.VersionChecker/]: [mcwstairs] Starting version check at https://raw.githubusercontent.com/sketchmacaw/macawsmods/master/stairs.json
[05Aug2026 09:14:54.633] [Worker-ResourceReload-14/ERROR] [net.minecraft.Util/]: Invalid path in pack: create_things_and_misc:textures/item/vibration_mechanism2 copie.png, ignoring
[05Aug2026 09:14:54.635] [NeoForge Version Check/INFO] [net.neoforged.fml.VersionChecker/]: [mcwstairs] Found status: UP_TO_DATE Current: 1.0.2 Target: null
[05Aug2026 09:14:54.635] [NeoForge Version Check/INFO] [net.neoforged.fml.VersionChecker/]: [maxhealthfix] Starting version check at https://updates.blamejared.com/get?n=maxhealthfix&gv=1.21.1&ml=neoforge
[05Aug2026 09:14:54.697] [Worker-ResourceReload-4/INFO] [nadiendev.voidminersremastered.VoidMinersRemastered/]: Initializing MinerMultiblocks...
[05Aug2026 09:14:54.718] [Worker-ResourceReload-4/INFO] [nadiendev.voidminersremastered.VoidMinersRemastered/]: MinerMultiblocks initialized successfully!
[05Aug2026 09:14:54.756] [Worker-ResourceReload-5/INFO] [journeymap/]: Found @JourneyMapPlugin: com.simibubi.create.compat.trainmap.JourneyTrainMap
[05Aug2026 09:14:54.756] [Worker-ResourceReload-5/WARN] [journeymap/]: The mod create for plugin com.simibubi.create.compat.trainmap.JourneyTrainMap is using a deprecated annotation, please inform the plugin mod dev they need to update.
[05Aug2026 09:14:54.761] [Worker-ResourceReload-5/INFO] [journeymap/]: Found @JourneyMapPlugin: net.blay09.mods.waystones.compat.JourneyMapIntegration
[05Aug2026 09:14:54.761] [Worker-ResourceReload-5/WARN] [journeymap/]: The mod waystones for plugin net.blay09.mods.waystones.compat.JourneyMapIntegration is using a deprecated annotation, please inform the plugin mod dev they need to update.
[05Aug2026 09:14:54.761] [Worker-ResourceReload-5/INFO] [journeymap/]: Skipping dev-only plugin (set -Djourneymap.dev_plugins=true to enable): journeymap.api.plugins.DebugVerificationPlugin
[05Aug2026 09:14:54.763] [Worker-ResourceReload-5/INFO] [journeymap/]: Found @JourneyMapPlugin: com.ludwici.cri.plugins.journey.JourneyPlugin
[05Aug2026 09:14:54.781] [Worker-ResourceReload-4/INFO] [nadiendev.voidminersremastered.VoidMinersRemastered/]: Initializing SolarMultiblocks...
[05Aug2026 09:14:54.782] [Worker-ResourceReload-4/INFO] [nadiendev.voidminersremastered.VoidMinersRemastered/]: SolarMultiblocks initialized successfully!
[05Aug2026 09:14:54.788] [Worker-ResourceReload-4/INFO] [com.betterchunkloading.BetterChunkLoading/]: betterchunkloading mod initialized
[05Aug2026 09:14:54.795] [NeoForge Version Check/INFO] [net.neoforged.fml.VersionChecker/]: [maxhealthfix] Found status: BETA Current: 21.1.4 Target: 21.1.4
[05Aug2026 09:14:54.795] [NeoForge Version Check/INFO] [net.neoforged.fml.VersionChecker/]: [prickle] Starting version check at https://updates.blamejared.com/get?n=prickle&gv=1.21.1&ml=neoforge
[05Aug2026 09:14:54.802] [Worker-ResourceReload-14/WARN] [net.minecraft.client.renderer.texture.atlas.sources.SingleFile/]: Missing sprite: untitledduckmod:textures/entity/duck.png
[05Aug2026 09:14:54.802] [Worker-ResourceReload-14/WARN] [net.minecraft.client.renderer.texture.atlas.sources.SingleFile/]: Missing sprite: untitledduckmod:textures/entity/duck_female.png
[05Aug2026 09:14:54.802] [Worker-ResourceReload-14/WARN] [net.minecraft.client.renderer.texture.atlas.sources.SingleFile/]: Missing sprite: untitledduckmod:textures/entity/duck_campbell.png
[05Aug2026 09:14:54.803] [Worker-ResourceReload-14/WARN] [net.minecraft.client.renderer.texture.atlas.sources.SingleFile/]: Missing sprite: untitledduckmod:textures/entity/duck_pekin.png
[05Aug2026 09:14:54.803] [Worker-ResourceReload-14/WARN] [net.minecraft.client.renderer.texture.atlas.sources.SingleFile/]: Missing sprite: untitledduckmod:textures/entity/goose.png
[05Aug2026 09:14:54.803] [Worker-ResourceReload-14/WARN] [net.minecraft.client.renderer.texture.atlas.sources.SingleFile/]: Missing sprite: untitledduckmod:textures/entity/canadian_goose.png
[05Aug2026 09:14:54.803] [Worker-ResourceReload-14/WARN] [net.minecraft.client.renderer.texture.atlas.sources.SingleFile/]: Missing sprite: untitledduckmod:textures/entity/greylag_goose.png
[05Aug2026 09:14:54.803] [Worker-ResourceReload-14/WARN] [net.minecraft.client.renderer.texture.atlas.sources.SingleFile/]: Missing sprite: untitledduckmod:textures/entity/sus_goose.png
[05Aug2026 09:14:54.803] [Worker-ResourceReload-14/WARN] [net.minecraft.client.renderer.texture.atlas.sources.SingleFile/]: Missing sprite: untitledduckmod:textures/entity/ping_goose.png
[05Aug2026 09:14:54.803] [Worker-ResourceReload-14/WARN] [net.minecraft.client.renderer.texture.atlas.sources.SingleFile/]: Missing sprite: untitledduckmod:textures/entity/untitled_goose.png
[05Aug2026 09:14:54.817] [Worker-ResourceReload-6/INFO] [com.yanny.aci.manager.ManagedRegistry/]: Registered 1 entity variants
[05Aug2026 09:14:54.818] [Worker-ResourceReload-6/INFO] [com.yanny.aci.manager.CorePluginManager/]: Registering common plugin data finished
[05Aug2026 09:14:54.822] [NeoForge Version Check/INFO] [net.neoforged.fml.VersionChecker/]: [prickle] Found status: BETA Current: 21.1.11 Target: 21.1.11
[05Aug2026 09:14:54.822] [NeoForge Version Check/INFO] [net.neoforged.fml.VersionChecker/]: [mcwtrpdoors] Starting version check at https://raw.githubusercontent.com/sketchmacaw/macawsmods/master/trapdoors.json
[05Aug2026 09:14:54.838] [Worker-ResourceReload-14/ERROR] [net.minecraft.client.renderer.texture.atlas.SpriteResourceLoader/]: Image create:fluid/lubrication_oil_flow size 48,32 is not multiple of frame size 32,32
[05Aug2026 09:14:54.879] [Worker-ResourceReload-6/WARN] [net.minecraft.client.renderer.texture.SpriteContents/]: Invalid frame index on sprite corgilib:alert frame 2: 2
[05Aug2026 09:14:54.886] [Worker-ResourceReload-9/INFO] [net.minecraft.client.gui.font.providers.UnihexProvider/]: Found unifont_jp_patch-15.1.05.hex, loading
[05Aug2026 09:14:54.970] [NeoForge Version Check/INFO] [net.neoforged.fml.VersionChecker/]: [mcwtrpdoors] Found status: UP_TO_DATE Current: 1.1.5 Target: null
[05Aug2026 09:14:54.970] [NeoForge Version Check/INFO] [net.neoforged.fml.VersionChecker/]: [searchables] Starting version check at https://updates.blamejared.com/get?n=searchables&gv=1.21.1&ml=neoforge
[05Aug2026 09:14:54.998] [NeoForge Version Check/INFO] [net.neoforged.fml.VersionChecker/]: [searchables] Found status: BETA Current: 1.0.2 Target: 1.0.2
[05Aug2026 09:14:54.998] [NeoForge Version Check/INFO] [net.neoforged.fml.VersionChecker/]: [mcwroofs] Starting version check at https://raw.githubusercontent.com/sketchmacaw/macawsmods/master/roofs.json
[05Aug2026 09:14:55.011] [NeoForge Version Check/INFO] [net.neoforged.fml.VersionChecker/]: [mcwroofs] Found status: UP_TO_DATE Current: 2.3.2 Target: null
[05Aug2026 09:14:55.011] [NeoForge Version Check/INFO] [net.neoforged.fml.VersionChecker/]: [dynamic_fps] Starting version check at https://api.lostluma.net/updates/dynamic-fps?platform=neoforge
[05Aug2026 09:14:55.103] [Worker-Main-10/INFO] [net.minecraft.client.gui.font.providers.UnihexProvider/]: Found unifont_all_no_pua-15.1.05.hex, loading
[05Aug2026 09:14:55.133] [NeoForge Version Check/INFO] [net.neoforged.fml.VersionChecker/]: [dynamic_fps] Found status: UP_TO_DATE Current: 3.11.4 Target: null
[05Aug2026 09:14:55.133] [NeoForge Version Check/INFO] [net.neoforged.fml.VersionChecker/]: [toms_storage] Starting version check at https://raw.githubusercontent.com/tom5454/Toms-Storage/master/version-check-nf.json
[05Aug2026 09:14:55.148] [NeoForge Version Check/INFO] [net.neoforged.fml.VersionChecker/]: [toms_storage] Found status: BETA Current: 2.4.1 Target: 2.4.1
[05Aug2026 09:14:55.148] [NeoForge Version Check/INFO] [net.neoforged.fml.VersionChecker/]: [mcwlights] Starting version check at https://raw.githubusercontent.com/sketchmacaw/macawsmods/master/lights.json
[05Aug2026 09:14:55.195] [NeoForge Version Check/INFO] [net.neoforged.fml.VersionChecker/]: [mcwlights] Found status: UP_TO_DATE Current: 1.1.5 Target: null
[05Aug2026 09:14:55.195] [NeoForge Version Check/INFO] [net.neoforged.fml.VersionChecker/]: [mcwholidays] Starting version check at https://raw.githubusercontent.com/sketchmacaw/macawsmods/master/holidays.json
[05Aug2026 09:14:55.208] [NeoForge Version Check/INFO] [net.neoforged.fml.VersionChecker/]: [mcwholidays] Found status: UP_TO_DATE Current: 1.1.2 Target: null
[05Aug2026 09:14:55.208] [NeoForge Version Check/INFO] [net.neoforged.fml.VersionChecker/]: [aether_treasure_reforging] Starting version check at https://github.com/The-Aether-Team/Treasure-Reforging/raw/1.21.1-develop/update.json
[05Aug2026 09:14:55.322] [NeoForge Version Check/INFO] [net.neoforged.fml.VersionChecker/]: [aether_treasure_reforging] Found status: UP_TO_DATE Current: 1.0.1 Target: null
[05Aug2026 09:14:55.322] [NeoForge Version Check/INFO] [net.neoforged.fml.VersionChecker/]: [mcwpaths] Starting version check at https://raw.githubusercontent.com/sketchmacaw/macawsmods/master/paths.json
[05Aug2026 09:14:55.416] [Worker-ResourceReload-11/INFO] [FTB Library/]: Setting game stages provider implementation to: KubeJS Stages
[05Aug2026 09:14:55.416] [Worker-ResourceReload-11/INFO] [FTB XMod Compat/]: Chose [KubeJS Stages] as the active game stages implementation
[05Aug2026 09:14:55.430] [Worker-ResourceReload-11/INFO] [FTB Library/]: Setting permissions provider implementation to: FTB Ranks
[05Aug2026 09:14:55.431] [Worker-ResourceReload-11/INFO] [FTB XMod Compat/]: Chose [FTB Ranks] as the active permissions implementation
[05Aug2026 09:14:55.433] [Worker-ResourceReload-5/WARN] [net.minecraft.client.renderer.texture.SpriteContents/]: Invalid frame index on sprite powah:item/ender_core frame 40: 3
[05Aug2026 09:14:55.433] [Worker-ResourceReload-5/WARN] [net.minecraft.client.renderer.texture.SpriteContents/]: Invalid frame index on sprite powah:item/ender_core frame 43: 3
[05Aug2026 09:14:55.433] [Worker-ResourceReload-5/WARN] [net.minecraft.client.renderer.texture.SpriteContents/]: Invalid frame index on sprite powah:item/ender_core frame 90: 5
[05Aug2026 09:14:55.434] [Worker-ResourceReload-5/WARN] [net.minecraft.client.renderer.texture.SpriteContents/]: Invalid frame index on sprite powah:item/ender_core frame 91: 5
[05Aug2026 09:14:55.434] [Worker-ResourceReload-5/WARN] [net.minecraft.client.renderer.texture.SpriteContents/]: Invalid frame index on sprite powah:item/ender_core frame 92: 5
[05Aug2026 09:14:55.434] [Worker-ResourceReload-5/WARN] [net.minecraft.client.renderer.texture.SpriteContents/]: Invalid frame index on sprite powah:item/ender_core frame 93: 5
[05Aug2026 09:14:55.434] [Worker-ResourceReload-5/WARN] [net.minecraft.client.renderer.texture.SpriteContents/]: Invalid frame index on sprite powah:item/ender_core frame 94: 6
[05Aug2026 09:14:55.434] [Worker-ResourceReload-5/WARN] [net.minecraft.client.renderer.texture.SpriteContents/]: Invalid frame index on sprite powah:item/ender_core frame 95: 6
[05Aug2026 09:14:55.434] [Worker-ResourceReload-5/WARN] [net.minecraft.client.renderer.texture.SpriteContents/]: Invalid frame index on sprite powah:item/ender_core frame 96: 6
[05Aug2026 09:14:55.434] [Worker-ResourceReload-5/WARN] [net.minecraft.client.renderer.texture.SpriteContents/]: Invalid frame index on sprite powah:item/ender_core frame 97: 6
[05Aug2026 09:14:55.434] [Worker-ResourceReload-5/WARN] [net.minecraft.client.renderer.texture.SpriteContents/]: Invalid frame index on sprite powah:item/ender_core frame 98: 6
[05Aug2026 09:14:55.434] [Worker-ResourceReload-5/WARN] [net.minecraft.client.renderer.texture.SpriteContents/]: Invalid frame index on sprite powah:item/ender_core frame 99: 5
[05Aug2026 09:14:55.434] [Worker-ResourceReload-5/WARN] [net.minecraft.client.renderer.texture.SpriteContents/]: Invalid frame index on sprite powah:item/ender_core frame 100: 5
[05Aug2026 09:14:55.434] [Worker-ResourceReload-5/WARN] [net.minecraft.client.renderer.texture.SpriteContents/]: Invalid frame index on sprite powah:item/ender_core frame 101: 5
[05Aug2026 09:14:55.434] [Worker-ResourceReload-5/WARN] [net.minecraft.client.renderer.texture.SpriteContents/]: Invalid frame index on sprite powah:item/ender_core frame 102: 5
[05Aug2026 09:14:55.434] [Worker-ResourceReload-5/WARN] [net.minecraft.client.renderer.texture.SpriteContents/]: Invalid frame index on sprite powah:item/ender_core frame 146: 8
[05Aug2026 09:14:55.434] [Worker-ResourceReload-5/WARN] [net.minecraft.client.renderer.texture.SpriteContents/]: Invalid frame index on sprite powah:item/ender_core frame 147: 8
[05Aug2026 09:14:55.434] [Worker-ResourceReload-5/WARN] [net.minecraft.client.renderer.texture.SpriteContents/]: Invalid frame index on sprite powah:item/ender_core frame 148: 8
[05Aug2026 09:14:55.434] [Worker-ResourceReload-5/WARN] [net.minecraft.client.renderer.texture.SpriteContents/]: Invalid frame index on sprite powah:item/ender_core frame 149: 8
[05Aug2026 09:14:55.434] [Worker-ResourceReload-5/WARN] [net.minecraft.client.renderer.texture.SpriteContents/]: Invalid frame index on sprite powah:item/ender_core frame 150: 8
[05Aug2026 09:14:55.435] [Worker-ResourceReload-5/WARN] [net.minecraft.client.renderer.texture.SpriteContents/]: Invalid frame index on sprite powah:item/ender_core frame 151: 8
[05Aug2026 09:14:55.435] [Worker-ResourceReload-5/WARN] [net.minecraft.client.renderer.texture.SpriteContents/]: Invalid frame index on sprite powah:item/ender_core frame 152: 8
[05Aug2026 09:14:55.435] [Worker-ResourceReload-5/WARN] [net.minecraft.client.renderer.texture.SpriteContents/]: Invalid frame index on sprite powah:item/ender_core frame 153: 8
[05Aug2026 09:14:55.435] [Worker-ResourceReload-5/WARN] [net.minecraft.client.renderer.texture.SpriteContents/]: Invalid frame index on sprite powah:item/ender_core frame 172: 5
[05Aug2026 09:14:55.435] [Worker-ResourceReload-5/WARN] [net.minecraft.client.renderer.texture.SpriteContents/]: Invalid frame index on sprite powah:item/ender_core frame 173: 5
[05Aug2026 09:14:55.435] [Worker-ResourceReload-5/WARN] [net.minecraft.client.renderer.texture.SpriteContents/]: Invalid frame index on sprite powah:item/ender_core frame 174: 5
[05Aug2026 09:14:55.435] [Worker-ResourceReload-5/WARN] [net.minecraft.client.renderer.texture.SpriteContents/]: Invalid frame index on sprite powah:item/ender_core frame 175: 5
[05Aug2026 09:14:55.435] [Worker-ResourceReload-5/WARN] [net.minecraft.client.renderer.texture.SpriteContents/]: Invalid frame index on sprite powah:item/ender_core frame 192: 8
[05Aug2026 09:14:55.435] [Worker-ResourceReload-5/WARN] [net.minecraft.client.renderer.texture.SpriteContents/]: Invalid frame index on sprite powah:item/ender_core frame 193: 8
[05Aug2026 09:14:55.436] [Worker-ResourceReload-5/WARN] [net.minecraft.client.renderer.texture.SpriteContents/]: Invalid frame index on sprite powah:item/ender_core frame 194: 8
[05Aug2026 09:14:55.436] [Worker-ResourceReload-5/WARN] [net.minecraft.client.renderer.texture.SpriteContents/]: Invalid frame index on sprite powah:item/ender_core frame 195: 8
[05Aug2026 09:14:55.439] [Worker-ResourceReload-11/INFO] [FTB Library/]: Setting permissions currency implementation to: <NONE>
[05Aug2026 09:14:55.440] [Worker-ResourceReload-11/INFO] [FTB XMod Compat/]: Chose [<NONE>] as the active currency implementation
[05Aug2026 09:14:55.449] [Worker-ResourceReload-11/INFO] [FTB XMod Compat/]: [FTB Quests] recipe helper provider is [JEI]
[05Aug2026 09:14:55.458] [Worker-ResourceReload-8/WARN] [net.minecraft.client.renderer.texture.SpriteContents/]: Unused frames in sprite industrialforegoing:block/fluids/sludge_still: [20, 21, 22, 23, 24, 25, 26, 27, 28, 29, 30, 31, 32, 33, 34, 35, 36, 37, 38]
[05Aug2026 09:14:55.478] [Worker-ResourceReload-11/INFO] [FTB XMod Compat/]: [FTB Quests] Enabled FTB Filter System integration
[05Aug2026 09:14:55.482] [Worker-ResourceReload-7/WARN] [net.minecraft.client.renderer.texture.SpriteContents/]: Invalid frame index on sprite relics:item/wool_mitten frame 14: 14
[05Aug2026 09:14:55.484] [NeoForge Version Check/INFO] [net.neoforged.fml.VersionChecker/]: [mcwpaths] Found status: UP_TO_DATE Current: 1.1.1 Target: null
[05Aug2026 09:14:55.484] [NeoForge Version Check/INFO] [net.neoforged.fml.VersionChecker/]: [simplebackups] Starting version check at https://assets.melanx.de/updates/simple-backups.json
[05Aug2026 09:14:55.509] [Worker-ResourceReload-11/INFO] [FTB XMod Compat/]: [FTB Chunks] FTB Ranks detected, listening for ranks events
[05Aug2026 09:14:55.524] [Worker-ResourceReload-11/INFO] [FTB XMod Compat/]: [FTB Chunks] Enabled Waystones integration
[05Aug2026 09:14:55.594] [Worker-ResourceReload-14/ERROR] [net.minecraft.client.renderer.texture.atlas.SpriteResourceLoader/]: Image create:fluid/air size 48,32 is not multiple of frame size 32,32
[05Aug2026 09:14:55.600] [NeoForge Version Check/INFO] [net.neoforged.fml.VersionChecker/]: [simplebackups] Found status: UP_TO_DATE Current: 1.21-4.0.21 Target: null
[05Aug2026 09:14:55.600] [NeoForge Version Check/INFO] [net.neoforged.fml.VersionChecker/]: [voicechat] Starting version check at https://update.maxhenkel.de/neoforge/voicechat
[05Aug2026 09:14:55.716] [Worker-ResourceReload-10/ERROR] [net.minecraft.Util/]: Invalid path in pack: create_things_and_misc:textures/item/vibration_mechanism2 copie.png, ignoring
[05Aug2026 09:14:55.724] [Worker-ResourceReload-14/WARN] [net.minecraft.client.renderer.texture.SpriteContents/]: Unused frames in sprite industrialforegoing:block/fluids/ether_gas_still: [20, 21, 22, 23, 24, 25, 26, 27, 28, 29, 30, 31, 32, 33, 34, 35, 36, 37, 38, 39, 40, 41, 42, 43, 44, 45, 46, 47, 48]
[05Aug2026 09:14:55.789] [Worker-ResourceReload-14/WARN] [net.minecraft.client.renderer.texture.SpriteContents/]: Unused frames in sprite powah:item/charged_snowball: [1, 2, 3, 4, 16, 17, 18, 19]
[05Aug2026 09:14:55.791] [NeoForge Version Check/INFO] [net.neoforged.fml.VersionChecker/]: [voicechat] Found status: UP_TO_DATE Current: 1.21.1-2.6.21 Target: null
[05Aug2026 09:14:55.791] [NeoForge Version Check/INFO] [net.neoforged.fml.VersionChecker/]: [aeroblender] Starting version check at https://github.com/RazorDevs/AeroBlender//raw/1.21.1-1.0/update.json
[05Aug2026 09:14:55.874] [Worker-ResourceReload-2/ERROR] [net.minecraft.client.renderer.texture.atlas.SpriteResourceLoader/]: Image create:fluid/butane size 48,32 is not multiple of frame size 32,32
[05Aug2026 09:14:55.898] [Worker-ResourceReload-5/WARN] [net.minecraft.client.renderer.texture.SpriteContents/]: Unused frames in sprite apotheosis:items/gems/molten_breach: [11, 12, 13]
[05Aug2026 09:14:55.919] [Worker-ResourceReload-5/ERROR] [net.minecraft.client.renderer.texture.atlas.SpriteResourceLoader/]: Image create:fluid/molten_slag_still size 48,32 is not multiple of frame size 32,32
[05Aug2026 09:14:56.024] [Worker-Main-11/INFO] [net.minecraft.client.gui.font.providers.UnihexProvider/]: Found unifont_jp_patch-15.1.05.hex, loading
[05Aug2026 09:14:56.088] [Worker-ResourceReload-3/WARN] [net.minecraft.client.renderer.texture.SpriteLoader/]: Texture lightmanscurrency:block/vending_machine/machine_keyboard with size 4x4 limits mip level from 4 to 2
[05Aug2026 09:14:56.088] [Worker-ResourceReload-3/WARN] [net.minecraft.client.renderer.texture.SpriteLoader/]: Texture createreautomated:block/netherite_drill with size 26x26 limits mip level from 2 to 1
[05Aug2026 09:14:56.089] [Worker-ResourceReload-3/WARN] [net.minecraft.client.renderer.texture.SpriteLoader/]: Texture cobblemon_legendary_orbs:item/screenshot_2024-12-22_224608 with size 580x325 limits mip level from 1 to 0
[05Aug2026 09:14:56.157] [NeoForge Version Check/WARN] [net.neoforged.fml.VersionChecker/]: Failed to process update information
com.google.gson.JsonSyntaxException: java.lang.IllegalStateException: Expected BEGIN_OBJECT but was STRING at line 9 column 1 path $
	at MC-BOOTSTRAP/com.google.gson@2.10.1/com.google.gson.Gson.fromJson(Gson.java:1238) ~[gson-2.10.1.jar%23142!/:?]
	at MC-BOOTSTRAP/com.google.gson@2.10.1/com.google.gson.Gson.fromJson(Gson.java:1137) ~[gson-2.10.1.jar%23142!/:?]
	at MC-BOOTSTRAP/com.google.gson@2.10.1/com.google.gson.Gson.fromJson(Gson.java:1047) ~[gson-2.10.1.jar%23142!/:?]
	at MC-BOOTSTRAP/com.google.gson@2.10.1/com.google.gson.Gson.fromJson(Gson.java:982) ~[gson-2.10.1.jar%23142!/:?]
	at MC-BOOTSTRAP/fml_loader@4.0.43/net.neoforged.fml.VersionChecker$1.process(VersionChecker.java:167) ~[loader-4.0.43.jar%23107!/:4.0]
	at java.base/java.lang.Iterable.forEach(Unknown Source) [?:?]
	at MC-BOOTSTRAP/fml_loader@4.0.43/net.neoforged.fml.VersionChecker$1.run(VersionChecker.java:105) [loader-4.0.43.jar%23107!/:4.0]
Caused by: java.lang.IllegalStateException: Expected BEGIN_OBJECT but was STRING at line 9 column 1 path $
	at MC-BOOTSTRAP/com.google.gson@2.10.1/com.google.gson.stream.JsonReader.beginObject(JsonReader.java:393) ~[gson-2.10.1.jar%23142!/:?]
	at MC-BOOTSTRAP/com.google.gson@2.10.1/com.google.gson.internal.bind.MapTypeAdapterFactory$Adapter.read(MapTypeAdapterFactory.java:182) ~[gson-2.10.1.jar%23142!/:?]
	at MC-BOOTSTRAP/com.google.gson@2.10.1/com.google.gson.internal.bind.MapTypeAdapterFactory$Adapter.read(MapTypeAdapterFactory.java:144) ~[gson-2.10.1.jar%23142!/:?]
	at MC-BOOTSTRAP/com.google.gson@2.10.1/com.google.gson.Gson.fromJson(Gson.java:1227) ~[gson-2.10.1.jar%23142!/:?]
	... 6 more
[05Aug2026 09:14:56.165] [NeoForge Version Check/INFO] [net.neoforged.fml.VersionChecker/]: [gravestone] Starting version check at https://update.maxhenkel.de/neoforge/gravestone
[05Aug2026 09:14:56.196] [NeoForge Version Check/INFO] [net.neoforged.fml.VersionChecker/]: [gravestone] Found status: UP_TO_DATE Current: 1.21.1-1.0.38 Target: null
[05Aug2026 09:14:56.197] [NeoForge Version Check/INFO] [net.neoforged.fml.VersionChecker/]: [createcontraptionterminals] Starting version check at https://raw.githubusercontent.com/tom5454/Create-Contraption-Terminals/main/version-check.json
[05Aug2026 09:14:56.210] [NeoForge Version Check/INFO] [net.neoforged.fml.VersionChecker/]: [createcontraptionterminals] Found status: BETA_OUTDATED Current: 0.0NONE Target: 1.3.0
[05Aug2026 09:14:56.210] [NeoForge Version Check/INFO] [net.neoforged.fml.VersionChecker/]: [aether_enhanced_extinguishing] Starting version check at https://github.com/The-Aether-Team/Enhanced-Extinguishing/raw/1.21.1-develop/update.json
[05Aug2026 09:14:56.421] [Worker-ResourceReload-11/ERROR] [net.minecraft.client.resources.model.ModelManager/]: Failed to load model tfmg:models/block/large_transformer/meow.json
com.google.gson.JsonParseException: Invalid rotation -180.0 found, only -45/-22.5/0/22.5/45 allowed
	at TRANSFORMER/minecraft@1.21.1/net.minecraft.client.renderer.block.model.BlockElement$Deserializer.getAngle(BlockElement.java:115) ~[client-1.21.1-20240808.144430-srg.jar%23507!/:?]
	at TRANSFORMER/minecraft@1.21.1/net.minecraft.client.renderer.block.model.BlockElement$Deserializer.getRotation(BlockElement.java:104) ~[client-1.21.1-20240808.144430-srg.jar%23507!/:?]
	at TRANSFORMER/minecraft@1.21.1/net.minecraft.client.renderer.block.model.BlockElement$Deserializer.deserialize(BlockElement.java:84) ~[client-1.21.1-20240808.144430-srg.jar%23507!/:?]
	at TRANSFORMER/minecraft@1.21.1/net.minecraft.client.renderer.block.model.BlockElement$Deserializer.deserialize(BlockElement.java:76) ~[client-1.21.1-20240808.144430-srg.jar%23507!/:?]
	at MC-BOOTSTRAP/com.google.gson@2.10.1/com.google.gson.internal.bind.TreeTypeAdapter.read(TreeTypeAdapter.java:76) ~[gson-2.10.1.jar%23142!/:?]
	at MC-BOOTSTRAP/com.google.gson@2.10.1/com.google.gson.Gson.fromJson(Gson.java:1227) ~[gson-2.10.1.jar%23142!/:?]
	at MC-BOOTSTRAP/com.google.gson@2.10.1/com.google.gson.Gson.fromJson(Gson.java:1329) ~[gson-2.10.1.jar%23142!/:?]
	at MC-BOOTSTRAP/com.google.gson@2.10.1/com.google.gson.Gson.fromJson(Gson.java:1300) ~[gson-2.10.1.jar%23142!/:?]
	at MC-BOOTSTRAP/com.google.gson@2.10.1/com.google.gson.internal.bind.TreeTypeAdapter$GsonContextImpl.deserialize(TreeTypeAdapter.java:179) ~[gson-2.10.1.jar%23142!/:?]
	at TRANSFORMER/minecraft@1.21.1/net.minecraft.client.renderer.block.model.BlockModel$Deserializer.getElements(BlockModel.java:409) ~[client-1.21.1-20240808.144430-srg.jar%23507!/:?]
	at TRANSFORMER/minecraft@1.21.1/net.minecraft.client.renderer.block.model.BlockModel$Deserializer.deserialize(BlockModel.java:338) ~[client-1.21.1-20240808.144430-srg.jar%23507!/:?]
	at TRANSFORMER/neoforge@21.1.241/net.neoforged.neoforge.client.model.ExtendedBlockModelDeserializer.deserialize(ExtendedBlockModelDeserializer.java:51) ~[neoforge-21.1.241-universal.jar%23508!/:?]
	at TRANSFORMER/neoforge@21.1.241/net.neoforged.neoforge.client.model.ExtendedBlockModelDeserializer.deserialize(ExtendedBlockModelDeserializer.java:37) ~[neoforge-21.1.241-universal.jar%23508!/:?]
	at MC-BOOTSTRAP/com.google.gson@2.10.1/com.google.gson.internal.bind.TreeTypeAdapter.read(TreeTypeAdapter.java:76) ~[gson-2.10.1.jar%23142!/:?]
	at TRANSFORMER/minecraft@1.21.1/net.minecraft.util.GsonHelper.fromNullableJson(GsonHelper.java:525) ~[client-1.21.1-20240808.144430-srg.jar%23507!/:?]
	at TRANSFORMER/minecraft@1.21.1/net.minecraft.util.GsonHelper.fromJson(GsonHelper.java:532) ~[client-1.21.1-20240808.144430-srg.jar%23507!/:?]
	at TRANSFORMER/minecraft@1.21.1/net.minecraft.util.GsonHelper.fromJson(GsonHelper.java:582) ~[client-1.21.1-20240808.144430-srg.jar%23507!/:?]
	at TRANSFORMER/minecraft@1.21.1/net.minecraft.client.renderer.block.model.BlockModel.fromStream(BlockModel.java:83) ~[client-1.21.1-20240808.144430-srg.jar%23507!/:?]
	at TRANSFORMER/minecraft@1.21.1/net.minecraft.client.resources.model.ModelManager.lambda$loadBlockModels$8(ModelManager.java:144) ~[client-1.21.1-20240808.144430-srg.jar%23507!/:?]
	at java.base/java.util.concurrent.CompletableFuture$AsyncSupply.run(Unknown Source) [?:?]
	at java.base/java.util.concurrent.CompletableFuture$AsyncSupply.exec(Unknown Source) [?:?]
	at java.base/java.util.concurrent.ForkJoinTask.doExec(Unknown Source) [?:?]
	at java.base/java.util.concurrent.ForkJoinPool$WorkQueue.topLevelExec(Unknown Source) [?:?]
	at java.base/java.util.concurrent.ForkJoinPool.scan(Unknown Source) [?:?]
	at java.base/java.util.concurrent.ForkJoinPool.runWorker(Unknown Source) [?:?]
	at java.base/java.util.concurrent.ForkJoinWorkerThread.run(Unknown Source) [?:?]
[05Aug2026 09:14:56.600] [NeoForge Version Check/INFO] [net.neoforged.fml.VersionChecker/]: [aether_enhanced_extinguishing] Found status: UP_TO_DATE Current: 1.0.0 Target: null
[05Aug2026 09:14:56.600] [NeoForge Version Check/INFO] [net.neoforged.fml.VersionChecker/]: [aether] Starting version check at https://github.com/The-Aether-Team/The-Aether/raw/1.21.1-develop/update.json
[05Aug2026 09:14:56.636] [NeoForge Version Check/INFO] [net.neoforged.fml.VersionChecker/]: [aether] Found status: UP_TO_DATE Current: 1.5.10 Target: null
[05Aug2026 09:14:56.636] [NeoForge Version Check/INFO] [net.neoforged.fml.VersionChecker/]: [deep_aether] Starting version check at https://github.com/RazorDevs/Deep-Aether/raw/1.21.1-1.1/update.json
[05Aug2026 09:14:56.857] [NeoForge Version Check/INFO] [net.neoforged.fml.VersionChecker/]: [deep_aether] Found status: AHEAD Current: 1.21.1-1.1.5.1 Target: null
[05Aug2026 09:14:56.858] [NeoForge Version Check/INFO] [net.neoforged.fml.VersionChecker/]: [prism] Starting version check at https://mc-update-check.anthonyhilyard.com/638111
[05Aug2026 09:14:57.119] [Worker-ResourceReload-14/ERROR] [net.minecraft.client.resources.model.ModelManager/]: Failed to load model create_things_and_misc:models/custom/blazeblock.json
com.google.gson.JsonParseException: Invalid rotation 135.0 found, only -45/-22.5/0/22.5/45 allowed
	at TRANSFORMER/minecraft@1.21.1/net.minecraft.client.renderer.block.model.BlockElement$Deserializer.getAngle(BlockElement.java:115) ~[client-1.21.1-20240808.144430-srg.jar%23507!/:?]
	at TRANSFORMER/minecraft@1.21.1/net.minecraft.client.renderer.block.model.BlockElement$Deserializer.getRotation(BlockElement.java:104) ~[client-1.21.1-20240808.144430-srg.jar%23507!/:?]
	at TRANSFORMER/minecraft@1.21.1/net.minecraft.client.renderer.block.model.BlockElement$Deserializer.deserialize(BlockElement.java:84) ~[client-1.21.1-20240808.144430-srg.jar%23507!/:?]
	at TRANSFORMER/minecraft@1.21.1/net.minecraft.client.renderer.block.model.BlockElement$Deserializer.deserialize(BlockElement.java:76) ~[client-1.21.1-20240808.144430-srg.jar%23507!/:?]
	at MC-BOOTSTRAP/com.google.gson@2.10.1/com.google.gson.internal.bind.TreeTypeAdapter.read(TreeTypeAdapter.java:76) ~[gson-2.10.1.jar%23142!/:?]
	at MC-BOOTSTRAP/com.google.gson@2.10.1/com.google.gson.Gson.fromJson(Gson.java:1227) ~[gson-2.10.1.jar%23142!/:?]
	at MC-BOOTSTRAP/com.google.gson@2.10.1/com.google.gson.Gson.fromJson(Gson.java:1329) ~[gson-2.10.1.jar%23142!/:?]
	at MC-BOOTSTRAP/com.google.gson@2.10.1/com.google.gson.Gson.fromJson(Gson.java:1300) ~[gson-2.10.1.jar%23142!/:?]
	at MC-BOOTSTRAP/com.google.gson@2.10.1/com.google.gson.internal.bind.TreeTypeAdapter$GsonContextImpl.deserialize(TreeTypeAdapter.java:179) ~[gson-2.10.1.jar%23142!/:?]
	at TRANSFORMER/minecraft@1.21.1/net.minecraft.client.renderer.block.model.BlockModel$Deserializer.getElements(BlockModel.java:409) ~[client-1.21.1-20240808.144430-srg.jar%23507!/:?]
	at TRANSFORMER/minecraft@1.21.1/net.minecraft.client.renderer.block.model.BlockModel$Deserializer.deserialize(BlockModel.java:338) ~[client-1.21.1-20240808.144430-srg.jar%23507!/:?]
	at TRANSFORMER/neoforge@21.1.241/net.neoforged.neoforge.client.model.ExtendedBlockModelDeserializer.deserialize(ExtendedBlockModelDeserializer.java:51) ~[neoforge-21.1.241-universal.jar%23508!/:?]
	at TRANSFORMER/neoforge@21.1.241/net.neoforged.neoforge.client.model.ExtendedBlockModelDeserializer.deserialize(ExtendedBlockModelDeserializer.java:37) ~[neoforge-21.1.241-universal.jar%23508!/:?]
	at MC-BOOTSTRAP/com.google.gson@2.10.1/com.google.gson.internal.bind.TreeTypeAdapter.read(TreeTypeAdapter.java:76) ~[gson-2.10.1.jar%23142!/:?]
	at TRANSFORMER/minecraft@1.21.1/net.minecraft.util.GsonHelper.fromNullableJson(GsonHelper.java:525) ~[client-1.21.1-20240808.144430-srg.jar%23507!/:?]
	at TRANSFORMER/minecraft@1.21.1/net.minecraft.util.GsonHelper.fromJson(GsonHelper.java:532) ~[client-1.21.1-20240808.144430-srg.jar%23507!/:?]
	at TRANSFORMER/minecraft@1.21.1/net.minecraft.util.GsonHelper.fromJson(GsonHelper.java:582) ~[client-1.21.1-20240808.144430-srg.jar%23507!/:?]
	at TRANSFORMER/minecraft@1.21.1/net.minecraft.client.renderer.block.model.BlockModel.fromStream(BlockModel.java:83) ~[client-1.21.1-20240808.144430-srg.jar%23507!/:?]
	at TRANSFORMER/minecraft@1.21.1/net.minecraft.client.resources.model.ModelManager.lambda$loadBlockModels$8(ModelManager.java:144) ~[client-1.21.1-20240808.144430-srg.jar%23507!/:?]
	at java.base/java.util.concurrent.CompletableFuture$AsyncSupply.run(Unknown Source) [?:?]
	at java.base/java.util.concurrent.CompletableFuture$AsyncSupply.exec(Unknown Source) [?:?]
	at java.base/java.util.concurrent.ForkJoinTask.doExec(Unknown Source) [?:?]
	at java.base/java.util.concurrent.ForkJoinPool$WorkQueue.topLevelExec(Unknown Source) [?:?]
	at java.base/java.util.concurrent.ForkJoinPool.scan(Unknown Source) [?:?]
	at java.base/java.util.concurrent.ForkJoinPool.runWorker(Unknown Source) [?:?]
	at java.base/java.util.concurrent.ForkJoinWorkerThread.run(Unknown Source) [?:?]
[05Aug2026 09:14:58.373] [Worker-ResourceReload-11/WARN] [net.minecraft.client.resources.model.ModelBakery/]: Unable to load model: 'minecraft:block' referenced from: powah:block/energy_cell_starter: java.io.FileNotFoundException: minecraft:models/block.json
[05Aug2026 09:14:58.604] [Worker-ResourceReload-11/WARN] [net.minecraft.client.resources.model.BlockStateModelLoader/]: Exception loading blockstate definition: 'torchmaster:invisible_light' in resourcepack: 'mod/torchmaster': Neither 'variants' nor 'multipart' found
[05Aug2026 09:14:59.748] [Worker-ResourceReload-11/WARN] [net.minecraft.client.resources.model.ModelBakery/]: Unable to load model: 'create_things_and_misc:custom/blazeblock' referenced from: create_things_and_misc:block/blaze_ballon: java.io.FileNotFoundException: create_things_and_misc:models/custom/blazeblock.json
[05Aug2026 09:15:01.210] [Cobblemon Showdown/INFO] [com.cobblemon.mod.common.Cobblemon/]: Showdown has been started!
[05Aug2026 09:15:01.212] [Worker-ResourceReload-1/INFO] [com.cobblemon.mod.common.Cobblemon/]: Registered the mega_showdown:mega_showdown/custom_status registry
[05Aug2026 09:15:01.213] [Worker-ResourceReload-1/INFO] [com.cobblemon.mod.common.Cobblemon/]: Registered the mega_showdown:mega_showdown/showdown/moves registry
[05Aug2026 09:15:01.215] [Worker-ResourceReload-1/INFO] [com.cobblemon.mod.common.Cobblemon/]: Registered the mega_showdown:mega_showdown/showdown/abilities registry
[05Aug2026 09:15:01.216] [Worker-ResourceReload-1/INFO] [com.cobblemon.mod.common.Cobblemon/]: Registered the mega_showdown:mega_showdown/showdown/conditions registry
[05Aug2026 09:15:01.217] [Worker-ResourceReload-1/INFO] [com.cobblemon.mod.common.Cobblemon/]: Registered the mega_showdown:mega_showdown/showdown/held_items registry
[05Aug2026 09:15:01.218] [Worker-ResourceReload-1/INFO] [com.cobblemon.mod.common.Cobblemon/]: Registered the mega_showdown:mega_showdown/showdown/typecharts registry
[05Aug2026 09:15:01.219] [Worker-ResourceReload-1/INFO] [com.cobblemon.mod.common.Cobblemon/]: Registered the mega_showdown:mega_showdown/showdown/scripts registry
[05Aug2026 09:15:01.220] [Worker-ResourceReload-1/INFO] [com.cobblemon.mod.common.Cobblemon/]: Registered the cobblemon:molang registry
[05Aug2026 09:15:01.221] [Worker-ResourceReload-1/INFO] [com.cobblemon.mod.common.Cobblemon/]: Registered the cobblemon:species_features registry
[05Aug2026 09:15:01.221] [Worker-ResourceReload-1/INFO] [com.cobblemon.mod.common.Cobblemon/]: Registered the cobblemon:global_species_features registry
[05Aug2026 09:15:01.222] [Worker-ResourceReload-1/INFO] [com.cobblemon.mod.common.Cobblemon/]: Registered the cobblemon:species_feature_assignments registry
[05Aug2026 09:15:01.232] [Worker-ResourceReload-1/INFO] [com.cobblemon.mod.common.Cobblemon/]: Registered the cobblemon:action_effects registry
[05Aug2026 09:15:01.234] [Worker-ResourceReload-1/INFO] [com.cobblemon.mod.common.Cobblemon/]: Registered the cobblemon:moves registry
[05Aug2026 09:15:01.236] [Worker-ResourceReload-1/INFO] [com.cobblemon.mod.common.Cobblemon/]: Registered the cobblemon:abilities registry
[05Aug2026 09:15:01.238] [Worker-ResourceReload-1/INFO] [com.cobblemon.mod.common.Cobblemon/]: Registered the cobblemon:behaviours registry
[05Aug2026 09:15:01.238] [Worker-ResourceReload-1/INFO] [com.cobblemon.mod.common.Cobblemon/]: Registered the cobblemon:species registry
[05Aug2026 09:15:01.238] [Worker-ResourceReload-1/INFO] [com.cobblemon.mod.common.Cobblemon/]: Registered the cobblemon:species_additions registry
[05Aug2026 09:15:01.238] [Worker-ResourceReload-1/INFO] [com.cobblemon.mod.common.Cobblemon/]: Registered the cobblemon:pokeballs registry
[05Aug2026 09:15:01.239] [Worker-ResourceReload-1/INFO] [com.cobblemon.mod.common.Cobblemon/]: Registered the cobblemon:properties_tab_completion registry
[05Aug2026 09:15:01.239] [Worker-ResourceReload-1/INFO] [com.cobblemon.mod.common.Cobblemon/]: Registered the cobblemon:spawn_detail_presets registry
[05Aug2026 09:15:01.243] [Worker-ResourceReload-1/INFO] [com.cobblemon.mod.common.Cobblemon/]: Registered the cobblemon:spawn_rules registry
[05Aug2026 09:15:01.259] [Worker-ResourceReload-1/INFO] [com.cobblemon.mod.common.Cobblemon/]: Registered the cobblemon:mechanics registry
[05Aug2026 09:15:01.259] [Worker-ResourceReload-1/INFO] [com.cobblemon.mod.common.Cobblemon/]: Registered the cobblemon:bag_items registry
[05Aug2026 09:15:01.260] [Worker-ResourceReload-1/INFO] [com.cobblemon.mod.common.Cobblemon/]: Registered the cobblemon:held_items registry
[05Aug2026 09:15:01.263] [Worker-ResourceReload-1/INFO] [com.cobblemon.mod.common.Cobblemon/]: Registered the cobblemon:dialogues registry
[05Aug2026 09:15:01.265] [Worker-ResourceReload-1/INFO] [com.cobblemon.mod.common.Cobblemon/]: Registered the cobblemon:natural_materials registry
[05Aug2026 09:15:01.266] [Worker-ResourceReload-1/INFO] [com.cobblemon.mod.common.Cobblemon/]: Registered the cobblemon:fossils registry
[05Aug2026 09:15:01.271] [Worker-ResourceReload-1/INFO] [com.cobblemon.mod.common.Cobblemon/]: Registered the cobblemon:npc_preset registry
[05Aug2026 09:15:01.324] [Worker-ResourceReload-1/INFO] [com.cobblemon.mod.common.Cobblemon/]: Registered the cobblemon:npc registry
[05Aug2026 09:15:01.328] [Worker-ResourceReload-1/INFO] [com.cobblemon.mod.common.Cobblemon/]: Registered the cobblemon:dex_entries registry
[05Aug2026 09:15:01.329] [Worker-ResourceReload-1/INFO] [com.cobblemon.mod.common.Cobblemon/]: Registered the cobblemon:dex_entry_additions registry
[05Aug2026 09:15:01.333] [Worker-ResourceReload-1/INFO] [com.cobblemon.mod.common.Cobblemon/]: Registered the cobblemon:dexes registry
[05Aug2026 09:15:01.335] [Worker-ResourceReload-1/INFO] [com.cobblemon.mod.common.Cobblemon/]: Registered the cobblemon:dex_additions registry
[05Aug2026 09:15:01.336] [Worker-ResourceReload-1/INFO] [com.cobblemon.mod.common.Cobblemon/]: Registered the cobblemon:cosmetic_items registry
[05Aug2026 09:15:01.338] [Worker-ResourceReload-1/INFO] [com.cobblemon.mod.common.Cobblemon/]: Registered the cobblemon:callbacks registry
[05Aug2026 09:15:01.340] [Worker-ResourceReload-1/INFO] [com.cobblemon.mod.common.Cobblemon/]: Registered the cobblemon:unlockable_pc_box_wallpapers registry
[05Aug2026 09:15:01.343] [Worker-ResourceReload-1/INFO] [com.cobblemon.mod.common.Cobblemon/]: Registered the cobblemon:marks registry
[05Aug2026 09:15:01.344] [Worker-ResourceReload-1/INFO] [com.cobblemon.mod.common.Cobblemon/]: Registered the cobblemon:starters registry
[05Aug2026 09:15:01.349] [Worker-ResourceReload-1/INFO] [com.cobblemon.mod.common.Cobblemon/]: Registered the cobblemon:spawn_pool_world registry
[05Aug2026 09:15:01.350] [Worker-ResourceReload-1/INFO] [com.cobblemon.mod.common.Cobblemon/]: Registered the cobblemon:pokerods registry
[05Aug2026 09:15:01.356] [Worker-ResourceReload-1/INFO] [com.cobblemon.mod.common.Cobblemon/]: Registered the cobblemon:berries registry
[05Aug2026 09:15:01.359] [Worker-ResourceReload-1/INFO] [com.cobblemon.mod.common.Cobblemon/]: Registered the cobblemon:seasonings registry
[05Aug2026 09:15:01.366] [Worker-ResourceReload-1/INFO] [com.cobblemon.mod.common.Cobblemon/]: Registered the cobblemon:pokemon_interactions registry
[05Aug2026 09:15:01.367] [Worker-ResourceReload-1/INFO] [com.cobblemon.mod.common.Cobblemon/]: Registered the cobblemon:spawn_bait_effects registry
[05Aug2026 09:15:01.369] [Worker-ResourceReload-1/INFO] [com.cobblemon.mod.common.Cobblemon/]: Registered the cobblemon:ride_settings registry
[05Aug2026 09:15:01.371] [Worker-ResourceReload-1/ERROR] [ModernFix/]: A mod is calling registerReloadListener at the wrong time. This will cause random concurrency crashes when ModernFix is not installed. Please report this to them. If you are a modder, refer to https://github.com/embeddedt/ModernFix/wiki/registerReloadListener-called-on-wrong-thread for more information.
java.lang.Exception: registerReloadListener called on wrong thread
	at TRANSFORMER/minecraft@1.21.1/net.minecraft.server.packs.resources.ReloadableResourceManager.wrapMethod$zgh000$modernfix$checkCallingThread(ReloadableResourceManager.java:536) ~[client-1.21.1-20240808.144430-srg.jar%23507!/:?]
	at TRANSFORMER/minecraft@1.21.1/net.minecraft.server.packs.resources.ReloadableResourceManager.registerReloadListener(ReloadableResourceManager.java) ~[client-1.21.1-20240808.144430-srg.jar%23507!/:?]
	at TRANSFORMER/cobblemon@1.7.3+1.21.1/com.cobblemon.mod.neoforge.client.CobblemonNeoForgeClient.registerResourceReloader$neoforge(CobblemonNeoForgeClient.kt:241) ~[Cobblemon-neoforge-1.7.3+1.21.1.jar%23570!/:?]
	at TRANSFORMER/cobblemon@1.7.3+1.21.1/com.cobblemon.mod.neoforge.CobblemonNeoForge.registerResourceReloader(CobblemonNeoForge.kt:446) ~[Cobblemon-neoforge-1.7.3+1.21.1.jar%23570!/:?]
	at TRANSFORMER/cobblemon@1.7.3+1.21.1/com.cobblemon.mod.common.data.CobblemonDataProvider.registerDefaults$lambda$1(CobblemonDataProvider.java:121) ~[Cobblemon-neoforge-1.7.3+1.21.1.jar%23570!/:?]
	at TRANSFORMER/cobblemon@1.7.3+1.21.1/com.cobblemon.mod.common.util.DistributionUtilsKt.ifClient(DistributionUtilsKt.java:22) ~[Cobblemon-neoforge-1.7.3+1.21.1.jar%23570!/:?]
	at TRANSFORMER/cobblemon@1.7.3+1.21.1/com.cobblemon.mod.common.data.CobblemonDataProvider.registerDefaults(CobblemonDataProvider.java:120) ~[Cobblemon-neoforge-1.7.3+1.21.1.jar%23570!/:?]
	at TRANSFORMER/cobblemon@1.7.3+1.21.1/com.cobblemon.mod.common.Cobblemon.initialize(Cobblemon.java:295) ~[Cobblemon-neoforge-1.7.3+1.21.1.jar%23570!/:?]
	at TRANSFORMER/cobblemon@1.7.3+1.21.1/com.cobblemon.mod.neoforge.CobblemonNeoForge.initialize(CobblemonNeoForge.kt:151) ~[Cobblemon-neoforge-1.7.3+1.21.1.jar%23570!/:?]
	at MC-BOOTSTRAP/net.neoforged.bus/net.neoforged.bus.ConsumerEventHandler.invoke(ConsumerEventHandler.java:27) ~[bus-8.0.5.jar%23110!/:?]
	at MC-BOOTSTRAP/net.neoforged.bus/net.neoforged.bus.EventBus.post(EventBus.java:360) ~[bus-8.0.5.jar%23110!/:?]
	at MC-BOOTSTRAP/net.neoforged.bus/net.neoforged.bus.EventBus.post(EventBus.java:328) ~[bus-8.0.5.jar%23110!/:?]
	at MC-BOOTSTRAP/fml_loader@4.0.43/net.neoforged.fml.ModContainer.acceptEvent(ModContainer.java:158) ~[loader-4.0.43.jar%23107!/:4.0]
	at MC-BOOTSTRAP/fml_loader@4.0.43/net.neoforged.fml.ModLoader.lambda$dispatchParallelEvent$4(ModLoader.java:172) ~[loader-4.0.43.jar%23107!/:4.0]
	at MC-BOOTSTRAP/fml_loader@4.0.43/net.neoforged.fml.ModLoader.lambda$dispatchParallelTask$7(ModLoader.java:231) ~[loader-4.0.43.jar%23107!/:4.0]
	at java.base/java.util.concurrent.CompletableFuture.uniHandle(Unknown Source) [?:?]
	at java.base/java.util.concurrent.CompletableFuture$UniHandle.tryFire(Unknown Source) [?:?]
	at java.base/java.util.concurrent.CompletableFuture$Completion.exec(Unknown Source) [?:?]
	at java.base/java.util.concurrent.ForkJoinTask.doExec(Unknown Source) [?:?]
	at java.base/java.util.concurrent.ForkJoinPool$WorkQueue.topLevelExec(Unknown Source) [?:?]
	at java.base/java.util.concurrent.ForkJoinPool.scan(Unknown Source) [?:?]
	at java.base/java.util.concurrent.ForkJoinPool.runWorker(Unknown Source) [?:?]
	at java.base/java.util.concurrent.ForkJoinWorkerThread.run(Unknown Source) [?:?]
[05Aug2026 09:15:01.420] [Worker-ResourceReload-0/INFO] [com.cobblemon.pc_plus.neoforge.CobblemonPCPlus/]: Cobblemon PC Plus loading — enhancing the Cobblemon PC.
[05Aug2026 09:15:01.442] [Render thread/INFO] [Supplementaries/]: Finished mod setup in: [10, 0, 4, 0, 0, 0] ms
[05Aug2026 09:15:01.466] [Render thread/INFO] [Create: Trading Floor/]: Registering Advancements for: Create: Trading Floor
[05Aug2026 09:15:01.467] [Render thread/INFO] [io.github.lightman314.lightmanscurrency.LightmansCurrency/]: Reloading config/lightmanscurrency-common.txt
[05Aug2026 09:15:01.513] [Render thread/INFO] [io.github.lightman314.lightmanscurrency.LightmansCurrency/]: ATM Icon Type 'lightmanscurrency:item' has been registered successfully.
[05Aug2026 09:15:01.514] [Render thread/INFO] [io.github.lightman314.lightmanscurrency.LightmansCurrency/]: ATM Icon Type 'lightmanscurrency:small_arrow' has been registered successfully.
[05Aug2026 09:15:01.514] [Render thread/INFO] [io.github.lightman314.lightmanscurrency.LightmansCurrency/]: ATM Icon Type 'lightmanscurrency:texture' has been registered successfully.
[05Aug2026 09:15:01.522] [Render thread/INFO] [io.github.lightman314.lightmanscurrency.LightmansCurrency/]: Registered TraderType lightmanscurrency:item_trader
[05Aug2026 09:15:01.523] [Render thread/INFO] [io.github.lightman314.lightmanscurrency.LightmansCurrency/]: Registered TraderType lightmanscurrency:item_trader_armor
[05Aug2026 09:15:01.524] [Render thread/INFO] [io.github.lightman314.lightmanscurrency.LightmansCurrency/]: Registered TraderType lightmanscurrency:item_trader_ticket
[05Aug2026 09:15:01.525] [Render thread/INFO] [io.github.lightman314.lightmanscurrency.LightmansCurrency/]: Registered TraderType lightmanscurrency:item_trader_book
[05Aug2026 09:15:01.526] [Render thread/INFO] [io.github.lightman314.lightmanscurrency.LightmansCurrency/]: Registered TraderType lightmanscurrency:slot_machine_trader
[05Aug2026 09:15:01.528] [Render thread/INFO] [io.github.lightman314.lightmanscurrency.LightmansCurrency/]: Registered TraderType lightmanscurrency:paygate
[05Aug2026 09:15:01.533] [Render thread/INFO] [io.github.lightman314.lightmanscurrency.LightmansCurrency/]: Registered TraderType lightmanscurrency:auction_house
[05Aug2026 09:15:01.534] [Render thread/INFO] [io.github.lightman314.lightmanscurrency.LightmansCurrency/]: Registered TraderType lightmanscurrency:commands
[05Aug2026 09:15:01.536] [Render thread/INFO] [io.github.lightman314.lightmanscurrency.LightmansCurrency/]: Registered TraderType lightmanscurrency:gacha
[05Aug2026 09:15:01.538] [Render thread/INFO] [io.github.lightman314.lightmanscurrency.LightmansCurrency/]: Registered TradeRuleType lightmanscurrency:player_list
[05Aug2026 09:15:01.538] [Render thread/INFO] [io.github.lightman314.lightmanscurrency.LightmansCurrency/]: Registered TradeRuleType lightmanscurrency:player_trade_limit
[05Aug2026 09:15:01.538] [Render thread/INFO] [io.github.lightman314.lightmanscurrency.LightmansCurrency/]: Registered TradeRuleType lightmanscurrency:discount_list
[05Aug2026 09:15:01.538] [Render thread/INFO] [io.github.lightman314.lightmanscurrency.LightmansCurrency/]: Registered TradeRuleType lightmanscurrency:timed_sale
[05Aug2026 09:15:01.538] [Render thread/INFO] [io.github.lightman314.lightmanscurrency.LightmansCurrency/]: Registered TradeRuleType lightmanscurrency:trade_limit
[05Aug2026 09:15:01.538] [Render thread/INFO] [io.github.lightman314.lightmanscurrency.LightmansCurrency/]: Registered TradeRuleType lightmanscurrency:free_sample
[05Aug2026 09:15:01.538] [Render thread/INFO] [io.github.lightman314.lightmanscurrency.LightmansCurrency/]: Registered TradeRuleType lightmanscurrency:price_fluctuation
[05Aug2026 09:15:01.538] [Render thread/INFO] [io.github.lightman314.lightmanscurrency.LightmansCurrency/]: Registered TradeRuleType lightmanscurrency:demand_pricing
[05Aug2026 09:15:01.538] [Render thread/INFO] [io.github.lightman314.lightmanscurrency.LightmansCurrency/]: Registered TradeRuleType lightmanscurrency:daily_trades
[05Aug2026 09:15:01.538] [Render thread/INFO] [io.github.lightman314.lightmanscurrency.LightmansCurrency/]: Registered TradeRuleType lightmanscurrency:discount_code
[05Aug2026 09:15:01.538] [Render thread/INFO] [io.github.lightman314.lightmanscurrency.LightmansCurrency/]: Registered NotificationType lightmanscurrency:item_trade
[05Aug2026 09:15:01.538] [Render thread/INFO] [io.github.lightman314.lightmanscurrency.LightmansCurrency/]: Registered NotificationType lightmanscurrency:paygate_trade
[05Aug2026 09:15:01.538] [Render thread/INFO] [io.github.lightman314.lightmanscurrency.LightmansCurrency/]: Registered NotificationType lightmanscurrency:slot_machine_trade
[05Aug2026 09:15:01.539] [Render thread/INFO] [io.github.lightman314.lightmanscurrency.LightmansCurrency/]: Registered NotificationType lightmanscurrency:out_of_stock
[05Aug2026 09:15:01.539] [Render thread/INFO] [io.github.lightman314.lightmanscurrency.LightmansCurrency/]: Registered NotificationType lightmanscurrency:bank_low_balance
[05Aug2026 09:15:01.539] [Render thread/INFO] [io.github.lightman314.lightmanscurrency.LightmansCurrency/]: Registered NotificationType lightmanscurrency:auction_house_seller
[05Aug2026 09:15:01.539] [Render thread/INFO] [io.github.lightman314.lightmanscurrency.LightmansCurrency/]: Registered NotificationType lightmanscurrency:auction_house_buyer
[05Aug2026 09:15:01.539] [Render thread/INFO] [io.github.lightman314.lightmanscurrency.LightmansCurrency/]: Registered NotificationType lightmanscurrency:auction_house_seller_nobid
[05Aug2026 09:15:01.539] [Render thread/INFO] [io.github.lightman314.lightmanscurrency.LightmansCurrency/]: Registered NotificationType lightmanscurrency:auction_house_outbid
[05Aug2026 09:15:01.539] [Render thread/INFO] [io.github.lightman314.lightmanscurrency.LightmansCurrency/]: Registered NotificationType lightmanscurrency:auction_house_canceled
[05Aug2026 09:15:01.539] [Render thread/INFO] [io.github.lightman314.lightmanscurrency.LightmansCurrency/]: Registered NotificationType lightmanscurrency:text
[05Aug2026 09:15:01.539] [Render thread/INFO] [io.github.lightman314.lightmanscurrency.LightmansCurrency/]: Registered NotificationType lightmanscurrency:add_remove_ally
[05Aug2026 09:15:01.539] [Render thread/INFO] [io.github.lightman314.lightmanscurrency.LightmansCurrency/]: Registered NotificationType lightmanscurrency:add_remove_trade
[05Aug2026 09:15:01.539] [Render thread/INFO] [io.github.lightman314.lightmanscurrency.LightmansCurrency/]: Registered NotificationType lightmanscurrency:change_ally_permissions
[05Aug2026 09:15:01.539] [Render thread/INFO] [io.github.lightman314.lightmanscurrency.LightmansCurrency/]: Registered NotificationType lightmanscurrency:change_creative
[05Aug2026 09:15:01.539] [Render thread/INFO] [io.github.lightman314.lightmanscurrency.LightmansCurrency/]: Registered NotificationType lightmanscurrency:changed_name
[05Aug2026 09:15:01.539] [Render thread/INFO] [io.github.lightman314.lightmanscurrency.LightmansCurrency/]: Registered NotificationType lightmanscurrency:change_ownership
[05Aug2026 09:15:01.539] [Render thread/INFO] [io.github.lightman314.lightmanscurrency.LightmansCurrency/]: Registered NotificationType lightmanscurrency:change_settings_simple
[05Aug2026 09:15:01.539] [Render thread/INFO] [io.github.lightman314.lightmanscurrency.LightmansCurrency/]: Registered NotificationType lightmanscurrency:change_settings_advanced
[05Aug2026 09:15:01.539] [Render thread/INFO] [io.github.lightman314.lightmanscurrency.LightmansCurrency/]: Registered NotificationType lightmanscurrency:change_settings_dumb
[05Aug2026 09:15:01.541] [Render thread/INFO] [io.github.lightman314.lightmanscurrency.LightmansCurrency/]: Registered NotificationType lightmanscurrency:bank_deposit_player
[05Aug2026 09:15:01.541] [Render thread/INFO] [io.github.lightman314.lightmanscurrency.LightmansCurrency/]: Registered NotificationType lightmanscurrency:bank_deposit_trader
[05Aug2026 09:15:01.541] [Render thread/INFO] [io.github.lightman314.lightmanscurrency.LightmansCurrency/]: Registered NotificationType lightmanscurrency:bank_deposit_server
[05Aug2026 09:15:01.541] [Render thread/INFO] [io.github.lightman314.lightmanscurrency.LightmansCurrency/]: Registered NotificationType lightmanscurrency:bank_transfer
[05Aug2026 09:15:01.541] [Render thread/INFO] [io.github.lightman314.lightmanscurrency.LightmansCurrency/]: Registered NotificationType lightmanscurrency:bank_interest
[05Aug2026 09:15:01.541] [Render thread/INFO] [io.github.lightman314.lightmanscurrency.LightmansCurrency/]: Registered NotificationType lightmanscurrency:taxes_collected
[05Aug2026 09:15:01.541] [Render thread/INFO] [io.github.lightman314.lightmanscurrency.LightmansCurrency/]: Registered NotificationType lightmanscurrency:taxes_paid
[05Aug2026 09:15:01.541] [Render thread/INFO] [io.github.lightman314.lightmanscurrency.LightmansCurrency/]: Registered NotificationType lightmanscurrency:block_ejected
[05Aug2026 09:15:01.541] [Render thread/INFO] [io.github.lightman314.lightmanscurrency.LightmansCurrency/]: Registered NotificationType lightmanscurrency:command_trade
[05Aug2026 09:15:01.541] [Render thread/INFO] [io.github.lightman314.lightmanscurrency.LightmansCurrency/]: Registered NotificationType lightmanscurrency:gacha_trade
[05Aug2026 09:15:01.541] [Render thread/INFO] [io.github.lightman314.lightmanscurrency.LightmansCurrency/]: Registered NotificationType lightmanscurrency:bank_salary_payment
[05Aug2026 09:15:01.542] [Render thread/INFO] [io.github.lightman314.lightmanscurrency.LightmansCurrency/]: Registered NotificationCategoryType lightmanscurrency:general
[05Aug2026 09:15:01.542] [Render thread/INFO] [io.github.lightman314.lightmanscurrency.LightmansCurrency/]: Registered NotificationCategoryType lightmanscurrency:null
[05Aug2026 09:15:01.542] [Render thread/INFO] [io.github.lightman314.lightmanscurrency.LightmansCurrency/]: Registered NotificationCategoryType lightmanscurrency:seasonal_event
[05Aug2026 09:15:01.542] [Render thread/INFO] [io.github.lightman314.lightmanscurrency.LightmansCurrency/]: Registered NotificationCategoryType lightmanscurrency:trader
[05Aug2026 09:15:01.543] [Render thread/INFO] [io.github.lightman314.lightmanscurrency.LightmansCurrency/]: Registered NotificationCategoryType lightmanscurrency:bank
[05Aug2026 09:15:01.543] [Render thread/INFO] [io.github.lightman314.lightmanscurrency.LightmansCurrency/]: Registered NotificationCategoryType lightmanscurrency:auction_house
[05Aug2026 09:15:01.543] [Render thread/INFO] [io.github.lightman314.lightmanscurrency.LightmansCurrency/]: Registered NotificationCategoryType lightmanscurrency:tax_entry
[05Aug2026 09:15:01.555] [Render thread/INFO] [io.github.lightman314.lightmanscurrency.LightmansCurrency/]: Registered Item Listing serializer 'lightmanscurrency:simple'
[05Aug2026 09:15:01.556] [Render thread/INFO] [io.github.lightman314.lightmanscurrency.LightmansCurrency/]: Registered Item Listing serializer 'lightmanscurrency:random_selection'
[05Aug2026 09:15:01.556] [Render thread/INFO] [io.github.lightman314.lightmanscurrency.LightmansCurrency/]: Registered Item Listing serializer 'lightmanscurrency:enchanted_item_for_coins'
[05Aug2026 09:15:01.556] [Render thread/INFO] [io.github.lightman314.lightmanscurrency.LightmansCurrency/]: Registered Item Listing serializer 'lightmanscurrency:enchanted_book_for_coins'
[05Aug2026 09:15:01.558] [Render thread/INFO] [io.github.lightman314.lightmanscurrency.LightmansCurrency/]: Registered Item Listing serializer 'lightmanscurrency:items_for_map'
[05Aug2026 09:15:01.627] [Render thread/INFO] [terrablender/]: Registered region minecraft:overworld to index 0 for type OVERWORLD
[05Aug2026 09:15:01.628] [Render thread/INFO] [terrablender/]: Registered region minecraft:nether to index 0 for type NETHER
[05Aug2026 09:15:01.628] [Render thread/INFO] [terrablender/]: Registered region aether:the_aether to index 0 for type THE_AETHER
[05Aug2026 09:15:01.628] [Render thread/INFO] [terrablender/]: Registered region biomesoplenty:overworld_primary to index 1 for type OVERWORLD
[05Aug2026 09:15:01.628] [Render thread/INFO] [terrablender/]: Registered region biomesoplenty:overworld_secondary to index 2 for type OVERWORLD
[05Aug2026 09:15:01.628] [Render thread/INFO] [terrablender/]: Registered region biomesoplenty:overworld_rare to index 3 for type OVERWORLD
[05Aug2026 09:15:01.628] [Render thread/INFO] [terrablender/]: Registered region biomesoplenty:nether_common to index 1 for type NETHER
[05Aug2026 09:15:01.628] [Render thread/INFO] [terrablender/]: Registered region biomesoplenty:nether_rare to index 2 for type NETHER
[05Aug2026 09:15:01.636] [Render thread/INFO] [com.breakinblocks.neovitae.NeoVitae/]: Registered 13 anointments
[05Aug2026 09:15:01.636] [Render thread/INFO] [com.breakinblocks.neovitae.structures.ModRoomPools/]: Initializing dungeon room pools and rooms...
[05Aug2026 09:15:01.655] [Render thread/INFO] [com.breakinblocks.neovitae.structures.DungeonRoomLoader/]: Loaded 42 dungeon schematics
[05Aug2026 09:15:01.655] [Render thread/INFO] [com.breakinblocks.neovitae.structures.ModRoomPools/]: Dungeon initialization complete. Loaded 42 rooms and 11 pools.
[05Aug2026 09:15:01.656] [Render thread/INFO] [com.breakinblocks.neovitae.NeoVitae/]: Registering built-in altar rune blocks...
[05Aug2026 09:15:01.656] [Render thread/INFO] [com.breakinblocks.neovitae.NeoVitae/]: Registered block Block{neovitae:rune_speed} (hash=2135576763) as rune neovitae:speed with amount 1
[05Aug2026 09:15:01.656] [Render thread/INFO] [com.breakinblocks.neovitae.NeoVitae/]: Registered block Block{neovitae:rune_sacrifice} (hash=1552100078) as rune neovitae:sacrifice with amount 1
[05Aug2026 09:15:01.656] [Render thread/INFO] [com.breakinblocks.neovitae.NeoVitae/]: Registered block Block{neovitae:rune_sacrifice_self} (hash=232829266) as rune neovitae:self_sacrifice with amount 1
[05Aug2026 09:15:01.656] [Render thread/INFO] [com.breakinblocks.neovitae.NeoVitae/]: Registered block Block{neovitae:rune_dislocation} (hash=1378776945) as rune neovitae:displacement with amount 1
[05Aug2026 09:15:01.656] [Render thread/INFO] [com.breakinblocks.neovitae.NeoVitae/]: Registered block Block{neovitae:rune_capacity} (hash=1091715481) as rune neovitae:capacity with amount 1
[05Aug2026 09:15:01.656] [Render thread/INFO] [com.breakinblocks.neovitae.NeoVitae/]: Registered block Block{neovitae:rune_capacity_augmented} (hash=851021278) as rune neovitae:augmented_capacity with amount 1
[05Aug2026 09:15:01.656] [Render thread/INFO] [com.breakinblocks.neovitae.NeoVitae/]: Registered block Block{neovitae:rune_orb} (hash=1696104948) as rune neovitae:orb with amount 1
[05Aug2026 09:15:01.656] [Render thread/INFO] [com.breakinblocks.neovitae.NeoVitae/]: Registered block Block{neovitae:rune_acceleration} (hash=747100226) as rune neovitae:acceleration with amount 1
[05Aug2026 09:15:01.656] [Render thread/INFO] [com.breakinblocks.neovitae.NeoVitae/]: Registered block Block{neovitae:rune_charging} (hash=2007504189) as rune neovitae:charging with amount 1
[05Aug2026 09:15:01.656] [Render thread/INFO] [com.breakinblocks.neovitae.NeoVitae/]: Registered block Block{neovitae:rune_efficiency} (hash=1216006756) as rune neovitae:efficiency with amount 1
[05Aug2026 09:15:01.656] [Render thread/INFO] [com.breakinblocks.neovitae.NeoVitae/]: Registered block Block{neovitae:rune_2_speed} (hash=1184943016) as rune neovitae:speed with amount 2
[05Aug2026 09:15:01.656] [Render thread/INFO] [com.breakinblocks.neovitae.NeoVitae/]: Registered block Block{neovitae:rune_2_sacrifice} (hash=1512922849) as rune neovitae:sacrifice with amount 2
[05Aug2026 09:15:01.656] [Render thread/INFO] [com.breakinblocks.neovitae.NeoVitae/]: Registered block Block{neovitae:rune_2_sacrifice_self} (hash=2073636650) as rune neovitae:self_sacrifice with amount 2
[05Aug2026 09:15:01.656] [Render thread/INFO] [com.breakinblocks.neovitae.NeoVitae/]: Registered block Block{neovitae:rune_2_dislocation} (hash=1718693556) as rune neovitae:displacement with amount 2
[05Aug2026 09:15:01.656] [Render thread/INFO] [com.breakinblocks.neovitae.NeoVitae/]: Registered block Block{neovitae:rune_2_capacity} (hash=1513031308) as rune neovitae:capacity with amount 2
[05Aug2026 09:15:01.656] [Render thread/INFO] [com.breakinblocks.neovitae.NeoVitae/]: Registered block Block{neovitae:rune_2_capacity_augmented} (hash=1142476359) as rune neovitae:augmented_capacity with amount 2
[05Aug2026 09:15:01.656] [Render thread/INFO] [com.breakinblocks.neovitae.NeoVitae/]: Registered block Block{neovitae:rune_2_orb} (hash=3592667) as rune neovitae:orb with amount 2
[05Aug2026 09:15:01.656] [Render thread/INFO] [com.breakinblocks.neovitae.NeoVitae/]: Registered block Block{neovitae:rune_2_acceleration} (hash=1687793302) as rune neovitae:acceleration with amount 2
[05Aug2026 09:15:01.656] [Render thread/INFO] [com.breakinblocks.neovitae.NeoVitae/]: Registered block Block{neovitae:rune_2_charging} (hash=1953647219) as rune neovitae:charging with amount 2
[05Aug2026 09:15:01.656] [Render thread/INFO] [com.breakinblocks.neovitae.NeoVitae/]: Registered block Block{neovitae:rune_2_efficiency} (hash=1074505726) as rune neovitae:efficiency with amount 2
[05Aug2026 09:15:01.656] [Render thread/INFO] [com.breakinblocks.neovitae.NeoVitae/]: Registered 20 built-in altar rune blocks
[05Aug2026 09:15:01.656] [Render thread/INFO] [com.breakinblocks.neovitae.NeoVitae/]: Rune registry state: 20 block associations registered
[05Aug2026 09:15:01.657] [Render thread/INFO] [com.breakinblocks.neovitae.NeoVitae/]:   - Block{neovitae:rune_2_charging} (hash=1953647219) -> [CHARGING]
[05Aug2026 09:15:01.657] [Render thread/INFO] [com.breakinblocks.neovitae.NeoVitae/]:   - Block{neovitae:rune_2_capacity} (hash=1513031308) -> [CAPACITY]
[05Aug2026 09:15:01.657] [Render thread/INFO] [com.breakinblocks.neovitae.NeoVitae/]:   - Block{neovitae:rune_acceleration} (hash=747100226) -> [ACCELERATION]
[05Aug2026 09:15:01.657] [Render thread/INFO] [com.breakinblocks.neovitae.NeoVitae/]:   - Block{neovitae:rune_2_dislocation} (hash=1718693556) -> [DISPLACEMENT]
[05Aug2026 09:15:01.657] [Render thread/INFO] [com.breakinblocks.neovitae.NeoVitae/]:   - Block{neovitae:rune_capacity_augmented} (hash=851021278) -> [AUGMENTED_CAPACITY]
[05Aug2026 09:15:01.657] [Render thread/INFO] [com.breakinblocks.neovitae.NeoVitae/]:   ... and 15 more
[05Aug2026 09:15:01.682] [Render thread/INFO] [com.breakinblocks.neovitae.NeoVitae/]: Armed FTB Ultimine suppression for ritual block operations
[05Aug2026 09:15:01.732] [Render thread/INFO] [net.potionstudios.biomeswevegone.BiomesWeveGone/]: Creating and Registering BWG Biome Modifiers for Vanilla Biomes
[05Aug2026 09:15:01.733] [Render thread/INFO] [net.potionstudios.biomeswevegone.BiomesWeveGone/]: Will add Flower Patch, Clover Patch, Blue Rose Bush and Blue Berry Bushes to 
[05Aug2026 09:15:01.733] [Render thread/INFO] [net.potionstudios.biomeswevegone.BiomesWeveGone/]: Will add Flower Patch, Clover Patch, White Anemone, Pink Anemone, Orange Daisy, Horseweed and rose to 
[05Aug2026 09:15:01.733] [Render thread/INFO] [net.potionstudios.biomeswevegone.BiomesWeveGone/]: Will add Flower Patch, Clover Patch, White Anemone, Pink Anemone, Orange Daisy, Horseweed and rose to 
[05Aug2026 09:15:01.733] [Render thread/INFO] [net.potionstudios.biomeswevegone.BiomesWeveGone/]: Will add Palm Trees to 
[05Aug2026 09:15:01.733] [Render thread/INFO] [net.potionstudios.biomeswevegone.BiomesWeveGone/]: Will add Green/Cyan/Magenta/Purple/Yellow Tulips, Rose, Orange Daisy, Flower and Clover Patches to 
[05Aug2026 09:15:01.741] [Render thread/INFO] [net.potionstudios.biomeswevegone.BiomesWeveGone/]: Creating and Registering BWG Biome Modifiers for Vanilla Biomes
[05Aug2026 09:15:01.741] [Render thread/INFO] [net.potionstudios.biomeswevegone.BiomesWeveGone/]: Will add Flower Patch, Clover Patch, Blue Rose Bush and Blue Berry Bushes to 
[05Aug2026 09:15:01.741] [Render thread/INFO] [net.potionstudios.biomeswevegone.BiomesWeveGone/]: Will add Flower Patch, Clover Patch, White Anemone, Pink Anemone, Orange Daisy, Horseweed and rose to 
[05Aug2026 09:15:01.741] [Render thread/INFO] [net.potionstudios.biomeswevegone.BiomesWeveGone/]: Will add Flower Patch, Clover Patch, White Anemone, Pink Anemone, Orange Daisy, Horseweed and rose to 
[05Aug2026 09:15:01.741] [Render thread/INFO] [net.potionstudios.biomeswevegone.BiomesWeveGone/]: Will add Flower Patch, Clover Patch, White Anemone, Pink Anemone, Orange Daisy, Horseweed and rose to 
[05Aug2026 09:15:01.741] [Render thread/INFO] [net.potionstudios.biomeswevegone.BiomesWeveGone/]: Will add Palm Trees to 
[05Aug2026 09:15:01.741] [Render thread/INFO] [net.potionstudios.biomeswevegone.BiomesWeveGone/]: Will add Green/Cyan/Magenta/Purple/Yellow Tulips, Rose, Orange Daisy, Flower and Clover Patches to 
[05Aug2026 09:15:01.741] [Render thread/INFO] [net.potionstudios.biomeswevegone.BiomesWeveGone/]: Will add Palm Trees to 
[05Aug2026 09:15:01.741] [Render thread/INFO] [net.potionstudios.biomeswevegone.BiomesWeveGone/]: Will add Flower Patch, Clover Patch, White Anemone, Pink Anemone, Orange Daisy, Horseweed and rose to 
[05Aug2026 09:15:01.741] [Render thread/INFO] [net.potionstudios.biomeswevegone.BiomesWeveGone/]: Will add Green/Cyan/Magenta/Purple/Yellow Tulips, Rose, Orange Daisy, Flower and Clover Patches to 
[05Aug2026 09:15:01.741] [Render thread/INFO] [net.potionstudios.biomeswevegone.BiomesWeveGone/]: Will add Flower Patch, Clover Patch, Blue Rose Bush and Blue Berry Bushes to 
[05Aug2026 09:15:01.749] [Render thread/INFO] [terrablender/]: Registered region biomeswevegone:region_0 to index 4 for type OVERWORLD
[05Aug2026 09:15:01.750] [Render thread/INFO] [terrablender/]: Registered region biomeswevegone:region_1 to index 5 for type OVERWORLD
[05Aug2026 09:15:01.750] [Render thread/INFO] [terrablender/]: Registered region biomeswevegone:region_2 to index 6 for type OVERWORLD
[05Aug2026 09:15:01.769] [Render thread/INFO] [terrablender/]: Registered region ars_nouveau:overworld to index 7 for type OVERWORLD
[05Aug2026 09:15:01.776] [Render thread/INFO] [terrablender/]: Registered region ars_elemental:overworld to index 8 for type OVERWORLD
[05Aug2026 09:15:01.778] [Render thread/INFO] [terrablender/]: Registered region deep_aether:deep_aether to index 1 for type THE_AETHER
[05Aug2026 09:15:01.779] [Render thread/INFO] [terrablender/]: Registered region deep_aether:rare to index 2 for type THE_AETHER
[05Aug2026 09:15:01.880] [Render thread/INFO] [Framework/SYNCED_ENTITY_DATA]: Registered synced data key refurbished_furniture:lock_yaw for refurbished_furniture:seat
[05Aug2026 09:15:01.886] [Render thread/WARN] [nadiendev.voidminersremastered.VoidMinersRemastered/]: MinerMultiblocks already initialized, skipping...
[05Aug2026 09:15:01.886] [Render thread/WARN] [nadiendev.voidminersremastered.VoidMinersRemastered/]: SolarMultiblocks already initialized, skipping...
[05Aug2026 09:15:01.886] [Render thread/INFO] [nadiendev.voidminersremastered.VoidMinersRemastered/]: Multiblocks initialized successfully!
[05Aug2026 09:15:01.973] [Worker-ResourceReload-11/WARN] [net.minecraft.client.resources.model.ModelBakery/]: Unable to load model: 'minecraft:block_block' referenced from: tfmg:block/electric_diode/block: java.io.FileNotFoundException: minecraft:models/block_block.json
[05Aug2026 09:15:02.003] [Render thread/INFO] [Moonlight/]: Initialized color sets in 99ms
[05Aug2026 09:15:02.025] [Worker-ResourceReload-2/INFO] [PluginManager/]: Executing phase CLIENT_SETUP for plugin class FTBChunksPlugin
[05Aug2026 09:15:02.025] [Worker-ResourceReload-2/INFO] [PluginManager/]: Executing phase CLIENT_SETUP for plugin class PatchouliPlugin
[05Aug2026 09:15:02.066] [Worker-ResourceReload-4/INFO] [xaero.map.WorldMap/]: Loading Xaero's World Map - Stage 1/2
[05Aug2026 09:15:02.068] [Worker-ResourceReload-2/INFO] [PluginManager/]: Executing phase CLIENT_SETUP for plugin class CuriosPlugin
[05Aug2026 09:15:02.073] [Placebo Patreon Wing Loader/INFO] [placebo/]: Loading patreon wing data...
[05Aug2026 09:15:02.073] [Placebo Patreon Trail Loader/INFO] [placebo/]: Loading patreon trails data...
[05Aug2026 09:15:02.089] [Worker-ResourceReload-10/INFO] [com.yanny.aci.manager.CorePluginManager/]: Registering client plugin data...
[05Aug2026 09:15:02.120] [Worker-ResourceReload-3/INFO] [xaero.lib.XaeroLib/]: Loading XaeroLib client 1/2!
[05Aug2026 09:15:02.128] [Worker-ResourceReload-5/INFO] [com.linceros.leveltools.LevelTools/]: HELLO FROM CLIENT SETUP
[05Aug2026 09:15:02.128] [Worker-ResourceReload-5/INFO] [com.linceros.leveltools.LevelTools/]: MINECRAFT NAME >> SethOffiiciel
[05Aug2026 09:15:02.132] [Placebo Patreon Wing Loader/INFO] [placebo/]: Loaded 43 patreon wings.
[05Aug2026 09:15:02.132] [Placebo Patreon Trail Loader/INFO] [placebo/]: Loaded 50 patreon trails.
[05Aug2026 09:15:02.146] [Worker-ResourceReload-9/INFO] [xaero.minimap.XaeroMinimap/]: Loading Xaero's Minimap - Stage 1/2
[05Aug2026 09:15:02.148] [Worker-ResourceReload-6/INFO] [Sodium/]: Block croptopia:almond_crop had its color provider replaced with com.epherical.croptopia.client.ClientFunctions$$Lambda/0x00000194c9533780@309d4a81 and will not use per-vertex coloring
[05Aug2026 09:15:02.148] [Worker-ResourceReload-6/INFO] [Sodium/]: Block croptopia:apple_crop had its color provider replaced with com.epherical.croptopia.client.ClientFunctions$$Lambda/0x00000194c9533780@309d4a81 and will not use per-vertex coloring
[05Aug2026 09:15:02.149] [Worker-ResourceReload-6/INFO] [Sodium/]: Block croptopia:apricot_crop had its color provider replaced with com.epherical.croptopia.client.ClientFunctions$$Lambda/0x00000194c9533780@309d4a81 and will not use per-vertex coloring
[05Aug2026 09:15:02.149] [Worker-ResourceReload-6/INFO] [Sodium/]: Block croptopia:avocado_crop had its color provider replaced with com.epherical.croptopia.client.ClientFunctions$$Lambda/0x00000194c9533780@309d4a81 and will not use per-vertex coloring
[05Aug2026 09:15:02.149] [Worker-ResourceReload-6/INFO] [Sodium/]: Block croptopia:banana_crop had its color provider replaced with com.epherical.croptopia.client.ClientFunctions$$Lambda/0x00000194c9533780@309d4a81 and will not use per-vertex coloring
[05Aug2026 09:15:02.149] [Worker-ResourceReload-6/INFO] [Sodium/]: Block croptopia:cashew_crop had its color provider replaced with com.epherical.croptopia.client.ClientFunctions$$Lambda/0x00000194c9533780@309d4a81 and will not use per-vertex coloring
[05Aug2026 09:15:02.149] [Worker-ResourceReload-6/INFO] [Sodium/]: Block croptopia:cherry_crop had its color provider replaced with com.epherical.croptopia.client.ClientFunctions$$Lambda/0x00000194c9533780@309d4a81 and will not use per-vertex coloring
[05Aug2026 09:15:02.149] [Worker-ResourceReload-6/INFO] [Sodium/]: Block croptopia:coconut_crop had its color provider replaced with com.epherical.croptopia.client.ClientFunctions$$Lambda/0x00000194c9533780@309d4a81 and will not use per-vertex coloring
[05Aug2026 09:15:02.149] [Worker-ResourceReload-6/INFO] [Sodium/]: Block croptopia:date_crop had its color provider replaced with com.epherical.croptopia.client.ClientFunctions$$Lambda/0x00000194c9533780@309d4a81 and will not use per-vertex coloring
[05Aug2026 09:15:02.149] [Worker-ResourceReload-6/INFO] [Sodium/]: Block croptopia:dragonfruit_crop had its color provider replaced with com.epherical.croptopia.client.ClientFunctions$$Lambda/0x00000194c9533780@309d4a81 and will not use per-vertex coloring
[05Aug2026 09:15:02.149] [Worker-ResourceReload-6/INFO] [Sodium/]: Block croptopia:fig_crop had its color provider replaced with com.epherical.croptopia.client.ClientFunctions$$Lambda/0x00000194c9533780@309d4a81 and will not use per-vertex coloring
[05Aug2026 09:15:02.149] [Worker-ResourceReload-6/INFO] [Sodium/]: Block croptopia:grapefruit_crop had its color provider replaced with com.epherical.croptopia.client.ClientFunctions$$Lambda/0x00000194c9533780@309d4a81 and will not use per-vertex coloring
[05Aug2026 09:15:02.149] [Worker-ResourceReload-6/INFO] [Sodium/]: Block croptopia:kumquat_crop had its color provider replaced with com.epherical.croptopia.client.ClientFunctions$$Lambda/0x00000194c9533780@309d4a81 and will not use per-vertex coloring
[05Aug2026 09:15:02.149] [Worker-ResourceReload-6/INFO] [Sodium/]: Block croptopia:lemon_crop had its color provider replaced with com.epherical.croptopia.client.ClientFunctions$$Lambda/0x00000194c9533780@309d4a81 and will not use per-vertex coloring
[05Aug2026 09:15:02.149] [Worker-ResourceReload-6/INFO] [Sodium/]: Block croptopia:lime_crop had its color provider replaced with com.epherical.croptopia.client.ClientFunctions$$Lambda/0x00000194c9533780@309d4a81 and will not use per-vertex coloring
[05Aug2026 09:15:02.149] [Worker-ResourceReload-6/INFO] [Sodium/]: Block croptopia:mango_crop had its color provider replaced with com.epherical.croptopia.client.ClientFunctions$$Lambda/0x00000194c9533780@309d4a81 and will not use per-vertex coloring
[05Aug2026 09:15:02.149] [Worker-ResourceReload-6/INFO] [Sodium/]: Block croptopia:nectarine_crop had its color provider replaced with com.epherical.croptopia.client.ClientFunctions$$Lambda/0x00000194c9533780@309d4a81 and will not use per-vertex coloring
[05Aug2026 09:15:02.149] [Worker-ResourceReload-6/INFO] [Sodium/]: Block croptopia:nutmeg_crop had its color provider replaced with com.epherical.croptopia.client.ClientFunctions$$Lambda/0x00000194c9533780@309d4a81 and will not use per-vertex coloring
[05Aug2026 09:15:02.149] [Worker-ResourceReload-6/INFO] [Sodium/]: Block croptopia:orange_crop had its color provider replaced with com.epherical.croptopia.client.ClientFunctions$$Lambda/0x00000194c9533780@309d4a81 and will not use per-vertex coloring
[05Aug2026 09:15:02.149] [Worker-ResourceReload-6/INFO] [Sodium/]: Block croptopia:peach_crop had its color provider replaced with com.epherical.croptopia.client.ClientFunctions$$Lambda/0x00000194c9533780@309d4a81 and will not use per-vertex coloring
[05Aug2026 09:15:02.149] [Worker-ResourceReload-6/INFO] [Sodium/]: Block croptopia:pear_crop had its color provider replaced with com.epherical.croptopia.client.ClientFunctions$$Lambda/0x00000194c9533780@309d4a81 and will not use per-vertex coloring
[05Aug2026 09:15:02.149] [Worker-ResourceReload-6/INFO] [Sodium/]: Block croptopia:pecan_crop had its color provider replaced with com.epherical.croptopia.client.ClientFunctions$$Lambda/0x00000194c9533780@309d4a81 and will not use per-vertex coloring
[05Aug2026 09:15:02.149] [Worker-ResourceReload-6/INFO] [Sodium/]: Block croptopia:persimmon_crop had its color provider replaced with com.epherical.croptopia.client.ClientFunctions$$Lambda/0x00000194c9533780@309d4a81 and will not use per-vertex coloring
[05Aug2026 09:15:02.149] [Worker-ResourceReload-6/INFO] [Sodium/]: Block croptopia:plum_crop had its color provider replaced with com.epherical.croptopia.client.ClientFunctions$$Lambda/0x00000194c9533780@309d4a81 and will not use per-vertex coloring
[05Aug2026 09:15:02.149] [Worker-ResourceReload-6/INFO] [Sodium/]: Block croptopia:starfruit_crop had its color provider replaced with com.epherical.croptopia.client.ClientFunctions$$Lambda/0x00000194c9533780@309d4a81 and will not use per-vertex coloring
[05Aug2026 09:15:02.149] [Worker-ResourceReload-6/INFO] [Sodium/]: Block croptopia:walnut_crop had its color provider replaced with com.epherical.croptopia.client.ClientFunctions$$Lambda/0x00000194c9533780@309d4a81 and will not use per-vertex coloring
[05Aug2026 09:15:02.149] [Worker-ResourceReload-6/INFO] [Sodium/]: Block croptopia:cinnamon_leaves had its color provider replaced with com.epherical.croptopia.client.ClientFunctions$$Lambda/0x00000194c9533780@309d4a81 and will not use per-vertex coloring
[05Aug2026 09:15:02.166] [Worker-ResourceReload-7/INFO] [voicechat/]: [voicechat] Initializing Opus
[05Aug2026 09:15:02.174] [Worker-ResourceReload-11/WARN] [net.minecraft.client.resources.model.ModelBakery/]: Unable to load model: 'minecraft:incomplete_ball' referenced from: cobblemore_lib:item/incomplete_dive_ball_lid: java.io.FileNotFoundException: minecraft:models/incomplete_ball.json
[05Aug2026 09:15:02.179] [Worker-ResourceReload-11/WARN] [net.minecraft.client.resources.model.ModelBakery/]: Unable to load model: 'minecraft:ball_base' referenced from: cobblemore_lib:item/poke_ball_base: java.io.FileNotFoundException: minecraft:models/ball_base.json
[05Aug2026 09:15:02.182] [Worker-ResourceReload-11/WARN] [net.minecraft.client.resources.model.ModelBakery/]: Unable to load model: 'ntgl:item/weighted_stock' referenced from: ntgl:item/weighted_stock: java.io.FileNotFoundException: ntgl:models/item/weighted_stock.json
[05Aug2026 09:15:02.182] [Worker-ResourceReload-11/WARN] [net.minecraft.client.resources.model.ModelBakery/]: Unable to load model: 'ntgl:item/hammer_diamond' referenced from: ntgl:item/hammer_diamond: java.io.FileNotFoundException: ntgl:models/item/hammer_diamond.json
[05Aug2026 09:15:02.186] [Worker-ResourceReload-11/WARN] [net.minecraft.client.resources.model.ModelBakery/]: Unable to load model: 'ntgl:item/collimator_sight' referenced from: ntgl:item/collimator_sight: java.io.FileNotFoundException: ntgl:models/item/collimator_sight.json
[05Aug2026 09:15:02.187] [Worker-ResourceReload-11/WARN] [net.minecraft.client.resources.model.ModelBakery/]: Unable to load model: 'ntgl:item/ammo_box' referenced from: ntgl:item/ammo_box: java.io.FileNotFoundException: ntgl:models/item/ammo_box.json
[05Aug2026 09:15:02.190] [Worker-ResourceReload-11/WARN] [net.minecraft.client.resources.model.ModelBakery/]: Unable to load model: 'creatorsword:item/incomplete_netherite_creator_sword' referenced from: creatorsword:item/incomplete_netherite_creator_sword: java.io.FileNotFoundException: creatorsword:models/item/incomplete_netherite_creator_sword.json
[05Aug2026 09:15:02.190] [Worker-ResourceReload-11/WARN] [net.minecraft.client.resources.model.ModelBakery/]: Unable to load model: 'minecraft:entity/trident' referenced from: allthemodium:item/alloy_trident: java.io.FileNotFoundException: minecraft:models/entity/trident.json
[05Aug2026 09:15:02.193] [Worker-ResourceReload-11/WARN] [net.minecraft.client.resources.model.ModelBakery/]: Unable to load model: 'ntgl:item/rpg' referenced from: ntgl:item/rpg: java.io.FileNotFoundException: ntgl:models/item/rpg.json
[05Aug2026 09:15:02.196] [Worker-ResourceReload-11/WARN] [net.minecraft.client.resources.model.ModelBakery/]: Unable to load model: 'minecraft:brass_drone' referenced from: create_sa:item/brass_drone_item: java.io.FileNotFoundException: minecraft:models/brass_drone.json
[05Aug2026 09:15:02.200] [Worker-ResourceReload-7/INFO] [voicechat/]: [voicechat] Successfully initialized Opus
[05Aug2026 09:15:02.202] [Worker-ResourceReload-7/INFO] [voicechat/]: [voicechat] Initializing RNNoise
[05Aug2026 09:15:02.202] [Worker-ResourceReload-11/WARN] [net.minecraft.client.resources.model.ModelBakery/]: Unable to load model: 'deep_aether:item/mimic_eye' referenced from: deep_aether:item/mimic_eye: java.io.FileNotFoundException: deep_aether:models/item/mimic_eye.json
[05Aug2026 09:15:02.207] [Worker-ResourceReload-11/WARN] [net.minecraft.client.resources.model.ModelBakery/]: Unable to load model: 'minecraft:track_arrow' referenced from: cobblenav:item/track_arrow: java.io.FileNotFoundException: minecraft:models/track_arrow.json
[05Aug2026 09:15:02.212] [Worker-ResourceReload-3/WARN] [xaero.lib.XaeroLib/]: io exception while checking patreon: Online mod data expired! Date: Sun Aug 02 07:54:46 CEST 2026
[05Aug2026 09:15:02.215] [Worker-ResourceReload-11/WARN] [net.minecraft.client.resources.model.ModelBakery/]: Unable to load model: 'minecraft:chains' referenced from: create_sa:item/chains: java.io.FileNotFoundException: minecraft:models/chains.json
[05Aug2026 09:15:02.216] [Worker-ResourceReload-10/INFO] [com.yanny.aci.manager.ManagedRegistry/]: Registered 18 node widgets
[05Aug2026 09:15:02.216] [Worker-ResourceReload-10/INFO] [com.yanny.aci.manager.ManagedRegistry/]: Registered 18 data node factories
[05Aug2026 09:15:02.216] [Worker-ResourceReload-10/INFO] [com.yanny.aci.manager.CorePluginManager/]: Registering client plugin data finished
[05Aug2026 09:15:02.218] [Worker-ResourceReload-11/WARN] [net.minecraft.client.resources.model.ModelBakery/]: Unable to load model: 'ntgl:item/steel_ball' referenced from: ntgl:item/steel_ball: java.io.FileNotFoundException: ntgl:models/item/steel_ball.json
[05Aug2026 09:15:02.222] [Worker-ResourceReload-11/WARN] [net.minecraft.client.resources.model.ModelBakery/]: Unable to load model: 'ntgl:item/extended_magazine' referenced from: ntgl:item/extended_magazine: java.io.FileNotFoundException: ntgl:models/item/extended_magazine.json
[05Aug2026 09:15:02.223] [Worker-ResourceReload-7/INFO] [voicechat/]: [voicechat] Successfully initialized RNNoise
[05Aug2026 09:15:02.227] [Worker-ResourceReload-11/WARN] [net.minecraft.client.resources.model.ModelBakery/]: Unable to load model: 'ntgl:item/frame_item' referenced from: ntgl:item/frame_item: java.io.FileNotFoundException: ntgl:models/item/frame_item.json
[05Aug2026 09:15:02.228] [Worker-ResourceReload-11/WARN] [net.minecraft.client.resources.model.ModelBakery/]: Unable to load model: 'ntgl:item/holographic_sight' referenced from: ntgl:item/holographic_sight: java.io.FileNotFoundException: ntgl:models/item/holographic_sight.json
[05Aug2026 09:15:02.230] [Worker-ResourceReload-7/INFO] [voicechat/]: [voicechat] Initializing Speex
[05Aug2026 09:15:02.232] [Worker-ResourceReload-11/WARN] [net.minecraft.client.resources.model.ModelBakery/]: Unable to load model: 'mangomultiblock:item/example_item' referenced from: mangomultiblock:item/example_item: java.io.FileNotFoundException: mangomultiblock:models/item/example_item.json
[05Aug2026 09:15:02.233] [Worker-ResourceReload-11/WARN] [net.minecraft.client.resources.model.ModelBakery/]: Unable to load model: 'ntgl:item/hammer_stone' referenced from: ntgl:item/hammer_stone: java.io.FileNotFoundException: ntgl:models/item/hammer_stone.json
[05Aug2026 09:15:02.234] [Worker-ResourceReload-11/WARN] [net.minecraft.client.resources.model.ModelBakery/]: Unable to load model: 'deep_aether:item/magnetic_cog' referenced from: deep_aether:item/magnetic_cog: java.io.FileNotFoundException: deep_aether:models/item/magnetic_cog.json
[05Aug2026 09:15:02.236] [Worker-ResourceReload-11/WARN] [net.minecraft.client.resources.model.ModelBakery/]: Unable to load model: 'ntgl:item/light_grip' referenced from: ntgl:item/light_grip: java.io.FileNotFoundException: ntgl:models/item/light_grip.json
[05Aug2026 09:15:02.240] [Worker-ResourceReload-11/WARN] [net.minecraft.client.resources.model.ModelBakery/]: Unable to load model: 'ntgl:item/light_stock' referenced from: ntgl:item/light_stock: java.io.FileNotFoundException: ntgl:models/item/light_stock.json
[05Aug2026 09:15:02.241] [Worker-ResourceReload-7/INFO] [voicechat/]: [voicechat] Successfully initialized Speex
[05Aug2026 09:15:02.243] [Worker-ResourceReload-7/INFO] [voicechat/]: [voicechat] Initializing LAME
[05Aug2026 09:15:02.245] [Worker-ResourceReload-11/WARN] [net.minecraft.client.resources.model.ModelBakery/]: Unable to load model: 'deep_aether:item/magnetic_staff' referenced from: deep_aether:item/magnetic_staff: java.io.FileNotFoundException: deep_aether:models/item/magnetic_staff.json
[05Aug2026 09:15:02.247] [Worker-ResourceReload-11/WARN] [net.minecraft.client.resources.model.ModelBakery/]: Unable to load model: 'ntgl:item/tactical_stock' referenced from: ntgl:item/tactical_stock: java.io.FileNotFoundException: ntgl:models/item/tactical_stock.json
[05Aug2026 09:15:02.249] [Worker-ResourceReload-11/WARN] [net.minecraft.client.resources.model.ModelBakery/]: Unable to load model: 'creatorsword:item/incomplete_creator_sword' referenced from: creatorsword:item/incomplete_creator_sword: java.io.FileNotFoundException: creatorsword:models/item/incomplete_creator_sword.json
[05Aug2026 09:15:02.254] [Worker-ResourceReload-11/WARN] [net.minecraft.client.resources.model.ModelBakery/]: Unable to load model: 'pkgbadges:item/badges_box_path_open' referenced from: pkgbadges:item/badges_box_starfall_street: java.io.FileNotFoundException: pkgbadges:models/item/badges_box_path_open.json
[05Aug2026 09:15:02.255] [Worker-ResourceReload-11/WARN] [net.minecraft.client.resources.model.ModelBakery/]: Unable to load model: 'ntgl:item/drum_magazine' referenced from: ntgl:item/drum_magazine: java.io.FileNotFoundException: ntgl:models/item/drum_magazine.json
[05Aug2026 09:15:02.255] [Worker-ResourceReload-11/WARN] [net.minecraft.client.resources.model.ModelBakery/]: Unable to load model: 'ntgl:item/grenade_old' referenced from: ntgl:item/grenade_old: java.io.FileNotFoundException: ntgl:models/item/grenade_old.json
[05Aug2026 09:15:02.256] [Worker-ResourceReload-11/WARN] [net.minecraft.client.resources.model.ModelBakery/]: Unable to load model: 'deep_aether:item/sentry_alarm' referenced from: deep_aether:item/sentry_alarm: java.io.FileNotFoundException: deep_aether:models/item/sentry_alarm.json
[05Aug2026 09:15:02.263] [Worker-ResourceReload-11/WARN] [net.minecraft.client.resources.model.ModelBakery/]: Unable to load model: 'minecraft:flamethrower' referenced from: create_sa:item/flamethrower: java.io.FileNotFoundException: minecraft:models/flamethrower.json
[05Aug2026 09:15:02.264] [Worker-ResourceReload-7/INFO] [voicechat/]: [voicechat] Successfully initialized LAME
[05Aug2026 09:15:02.266] [Worker-ResourceReload-11/WARN] [net.minecraft.client.resources.model.ModelBakery/]: Unable to load model: 'minecraft:mechanical_wolf_link_item' referenced from: createmechanicalcompanion:item/mechanical_wolf_link: java.io.FileNotFoundException: minecraft:models/mechanical_wolf_link_item.json
[05Aug2026 09:15:02.269] [Worker-ResourceReload-11/WARN] [net.minecraft.client.resources.model.ModelBakery/]: Unable to load model: 'ntgl:item/specialised_grip' referenced from: ntgl:item/specialised_grip: java.io.FileNotFoundException: ntgl:models/item/specialised_grip.json
[05Aug2026 09:15:02.272] [Worker-ResourceReload-11/WARN] [net.minecraft.client.resources.model.ModelBakery/]: Unable to load model: 'ars_nouveau:item/planarium_projector' referenced from: ars_nouveau:item/planarium_projector: java.io.FileNotFoundException: ars_nouveau:models/item/planarium_projector.json
[05Aug2026 09:15:02.273] [Worker-ResourceReload-7/INFO] [voicechat/]: [voicechat] Using Cloth Config GUI
[05Aug2026 09:15:02.330] [Worker-ResourceReload-11/INFO] [com.necro.fireworkcapsules.common.FireworkCapsules/]: Loading custom sticker models
[05Aug2026 09:15:02.334] [Worker-ResourceReload-11/INFO] [com.necro.fireworkcapsules.common.FireworkCapsules/]: Loaded 22 sticker models
[05Aug2026 09:15:02.403] [Render thread/INFO] [com.cobblemon.mod.common.Cobblemon/]: Initializing Cobblemon client
[05Aug2026 09:15:02.412] [Render thread/INFO] [com.cobblemon.mod.common.Cobblemon/]: Registering Pokémon renderer
[05Aug2026 09:15:02.432] [Render thread/INFO] [com.cobblemon.mod.common.Cobblemon/]: Registering PokéBall renderer
[05Aug2026 09:15:02.433] [Render thread/INFO] [com.cobblemon.mod.common.Cobblemon/]: Registering Boat renderer
[05Aug2026 09:15:02.433] [Render thread/INFO] [com.cobblemon.mod.common.Cobblemon/]: Registering Boat with Chest renderer
[05Aug2026 09:15:02.433] [Render thread/INFO] [com.cobblemon.mod.common.Cobblemon/]: Registering Generic Bedrock renderer
[05Aug2026 09:15:02.433] [Render thread/INFO] [com.cobblemon.mod.common.Cobblemon/]: Registering Generic Bedrock Entity renderer
[05Aug2026 09:15:02.433] [Render thread/INFO] [com.cobblemon.mod.common.Cobblemon/]: Registering PokeRod Bobber renderer
[05Aug2026 09:15:02.433] [Render thread/INFO] [com.cobblemon.mod.common.Cobblemon/]: Registering NPC renderer
[05Aug2026 09:15:02.438] [Render thread/INFO] [com.cobblemon.mod.common.Cobblemon/]: Registering custom BuiltinItemRenderers
[05Aug2026 09:15:02.489] [Worker-ResourceReload-11/WARN] [net.minecraft.client.resources.model.ModelBakery/]: Unable to load model: 'silentgear:item/trident_icon' referenced from: silentgear:item/trident_icon: java.io.FileNotFoundException: silentgear:models/item/trident_icon.json
[05Aug2026 09:15:02.490] [Render thread/INFO] [io.github.lightman314.lightmanscurrency.LightmansCurrency/]: Reloading config/lightmanscurrency-client.txt
[05Aug2026 09:15:02.490] [Worker-ResourceReload-11/WARN] [net.minecraft.client.resources.model.ModelBakery/]: Unable to load model: 'createcasing:block/shaft/andesite' referenced from: createcasing:block/shaft/andesite: java.io.FileNotFoundException: createcasing:models/block/shaft/andesite.json
[05Aug2026 09:15:02.549] [Worker-ResourceReload-11/WARN] [net.minecraft.client.resources.model.ModelBakery/]: Unable to load model: 'minecraft:ball_lid_base' referenced from: cobblemore_lib:custom/ball_lid_base: java.io.FileNotFoundException: minecraft:models/ball_lid_base.json
[05Aug2026 09:15:02.689] [Render thread/INFO] [KubeJS/]: Started the local web server at http://localhost:61423
[05Aug2026 09:15:02.692] [Render thread/INFO] [journeymap/]: Journeymap Initializing
[05Aug2026 09:15:03.088] [Render thread/INFO] [xaero.map.WorldMap/]: Loading Xaero's World Map - Stage 2/2
[05Aug2026 09:15:03.096] [Render thread/INFO] [xaero.map.WorldMap/]: New world map region cache hash code: -1635841029
[05Aug2026 09:15:03.156] [Render thread/ERROR] [xaero.map.WorldMap/]: io exception while checking versions: Online mod data expired! Date: Sun Aug 02 07:54:46 CEST 2026
[05Aug2026 09:15:03.157] [Render thread/INFO] [xaero.map.WorldMap/]: Registered player tracker system: map_synced
[05Aug2026 09:15:03.163] [Render thread/INFO] [xaero.map.WorldMap/]: Xaero's WorldMap Mod: Xaero's minimap found!
[05Aug2026 09:15:03.173] [Render thread/INFO] [xaero.map.WorldMap/]: Registered player tracker system: minimap_synced
[05Aug2026 09:15:03.173] [Render thread/INFO] [xaero.map.WorldMap/]: No Optifine!
[05Aug2026 09:15:03.173] [Render thread/INFO] [xaero.map.WorldMap/]: Xaero's World Map: No Vivecraft!
[05Aug2026 09:15:03.173] [Render thread/INFO] [xaero.map.WorldMap/]: Xaero's World Map: Iris found!
[05Aug2026 09:15:03.202] [Render thread/INFO] [xaero.lib.XaeroLib/]: Loading XaeroLib common 2/2!
[05Aug2026 09:15:03.202] [Render thread/INFO] [xaero.lib.XaeroLib/]: Loading XaeroLib client 2/2!
[05Aug2026 09:15:03.202] [Render thread/INFO] [xaero.minimap.XaeroMinimap/]: Loading Xaero's Minimap - Stage 2/2
[05Aug2026 09:15:03.295] [Render thread/WARN] [xaero.hud.minimap.MinimapLogs/]: io exception while checking versions: Online mod data expired! Date: Sun Aug 02 07:54:46 CEST 2026
[05Aug2026 09:15:03.296] [Render thread/INFO] [xaero.hud.minimap.MinimapLogs/]: Registered player tracker system: minimap_synced
[05Aug2026 09:15:11.858] [NeoForge Version Check/WARN] [net.neoforged.fml.VersionChecker/]: Failed to process update information
java.net.http.HttpConnectTimeoutException: HTTP connect timed out
	at java.net.http/jdk.internal.net.http.HttpClientImpl.send(Unknown Source) ~[java.net.http:?]
	at java.net.http/jdk.internal.net.http.HttpClientFacade.send(Unknown Source) ~[java.net.http:?]
	at MC-BOOTSTRAP/fml_loader@4.0.43/net.neoforged.fml.VersionChecker$1.openUrlString(VersionChecker.java:129) ~[loader-4.0.43.jar%23107!/:4.0]
	at MC-BOOTSTRAP/fml_loader@4.0.43/net.neoforged.fml.VersionChecker$1.process(VersionChecker.java:162) ~[loader-4.0.43.jar%23107!/:4.0]
	at java.base/java.lang.Iterable.forEach(Unknown Source) [?:?]
	at MC-BOOTSTRAP/fml_loader@4.0.43/net.neoforged.fml.VersionChecker$1.run(VersionChecker.java:105) [loader-4.0.43.jar%23107!/:4.0]
Caused by: java.net.http.HttpConnectTimeoutException: HTTP connect timed out
	at java.net.http/jdk.internal.net.http.ResponseTimerEvent.handle(Unknown Source) ~[java.net.http:?]
	at java.net.http/jdk.internal.net.http.HttpClientImpl.purgeTimeoutsAndReturnNextDeadline(Unknown Source) ~[java.net.http:?]
	at java.net.http/jdk.internal.net.http.HttpClientImpl$SelectorManager.run(Unknown Source) ~[java.net.http:?]
Caused by: java.net.ConnectException: HTTP connect timed out
	at java.net.http/jdk.internal.net.http.ResponseTimerEvent.handle(Unknown Source) ~[java.net.http:?]
	at java.net.http/jdk.internal.net.http.HttpClientImpl.purgeTimeoutsAndReturnNextDeadline(Unknown Source) ~[java.net.http:?]
	at java.net.http/jdk.internal.net.http.HttpClientImpl$SelectorManager.run(Unknown Source) ~[java.net.http:?]
[05Aug2026 09:15:11.859] [NeoForge Version Check/INFO] [net.neoforged.fml.VersionChecker/]: [bookshelf] Starting version check at https://updates.blamejared.com/get?n=bookshelf&gv=1.21.1&ml=neoforge
[05Aug2026 09:15:11.888] [NeoForge Version Check/INFO] [net.neoforged.fml.VersionChecker/]: [bookshelf] Found status: BETA Current: 21.1.81 Target: 21.1.81
[05Aug2026 09:15:11.888] [NeoForge Version Check/INFO] [net.neoforged.fml.VersionChecker/]: [mcwdoors] Starting version check at https://raw.githubusercontent.com/sketchmacaw/macawsmods/master/doors.json
[05Aug2026 09:15:11.902] [NeoForge Version Check/INFO] [net.neoforged.fml.VersionChecker/]: [mcwdoors] Found status: AHEAD Current: 1.1.5 Target: null
[05Aug2026 09:15:11.902] [NeoForge Version Check/INFO] [net.neoforged.fml.VersionChecker/]: [create_connected] Starting version check at https://raw.githubusercontent.com/hlysine/create_connected/main/update.json
[05Aug2026 09:15:11.914] [NeoForge Version Check/INFO] [net.neoforged.fml.VersionChecker/]: [create_connected] Found status: UP_TO_DATE Current: 1.3.2-mc1.21.1 Target: null
[05Aug2026 09:15:11.914] [NeoForge Version Check/INFO] [net.neoforged.fml.VersionChecker/]: [mcwbridges] Starting version check at https://raw.githubusercontent.com/sketchmacaw/macawsmods/master/bridges.json
[05Aug2026 09:15:11.927] [NeoForge Version Check/INFO] [net.neoforged.fml.VersionChecker/]: [mcwbridges] Found status: AHEAD Current: 3.1.2 Target: null
[05Aug2026 09:15:11.927] [NeoForge Version Check/INFO] [net.neoforged.fml.VersionChecker/]: [mcwfences] Starting version check at https://raw.githubusercontent.com/sketchmacaw/macawsmods/master/fences.json
[05Aug2026 09:15:11.939] [NeoForge Version Check/INFO] [net.neoforged.fml.VersionChecker/]: [mcwfences] Found status: UP_TO_DATE Current: 1.2.1 Target: null
[05Aug2026 09:15:11.939] [NeoForge Version Check/INFO] [net.neoforged.fml.VersionChecker/]: [aether_emissivity] Starting version check at https://github.com/The-Aether-Team/Emissivity/raw/1.21.1-develop/update.json
